source,url_annonce,type_bien,gouvernorat,delegation,localite,code_postal,prix,surface,date_insertion,nbre_chambres,nbre_sdb,niveau,piscine,jardin,garage,parking,balcon,climatisation,chauffage_central,dressing,titre_foncier,etat,standing,vue_mer,terrasse
behya.tn,https://www.behya.tn/tunisie-annonces/vente-villa-7/,Maison/Villa,Ben Arous,zahra,zahra,2013,850000,561,23 mars 2026,3,,,Oui,,,,,,,,,,,,
behya.tn,https://www.behya.tn/tunisie-annonces/vente-villa-8/,Maison/Villa,Ben Arous,borj cedria,borj cedria,ben arous,750,420,23 mars 2026,,1,,Oui,Oui,Oui,,,,,,,,Haut,,
behya.tn,https://www.behya.tn/tunisie-annonces/vente-villa-5/,Maison/Villa,Ben Arous,zahra,zahra,2013,850000,561,18 mars 2026,3,,,Oui,,,,,,,,,,,,
behya.tn,https://www.behya.tn/tunisie-annonces/vente-magnifique-villa/,Maison/Villa,Ben Arous,zahra,zahra,2013,850,561,13 mars 2026,3,,,Oui,,,,,,,,,,,,
behya.tn,https://www.behya.tn/tunisie-annonces/villa-pour-la-vente-2/,Maison/Villa,Ben Arous,ezzahra,ezzahra,2034,8500000,561,11 mars 2026,3,,,Oui,,,,,,,,,,,,
behya.tn,https://www.behya.tn/tunisie-annonces/vente-villa-a-zahra/,Maison/Villa,Ben Arous,zahra,zahra,2013,850,561,11 mars 2026,3,,,Oui,,,,,,,,,,,,
behya.tn,https://www.behya.tn/tunisie-annonces/vente-villa-4/,Maison/Villa,Ben Arous,sid rzig,sid rzig,2013,750,,11 mars 2026,,,,,Oui,,,,,,,,,,,
behya.tn,https://www.behya.tn/tunisie-annonces/vente-villa-3/,Maison/Villa,Ben Arous,borj cedria,borj cedria,ben arous,750,420,6 mars 2026,,1,,Oui,Oui,Oui,,,,,,,,Haut,,
behya.tn,https://www.behya.tn/tunisie-annonces/vente-villa-2/,Maison/Villa,Ben Arous,megrine jawhra,megrine jawhra,2013,288,,5 mars 2026,,,,,,Oui,,,,Oui,,,Neuf,,,
behya.tn,https://www.behya.tn/tunisie-annonces/vente-villa/,Maison/Villa,Ben Arous,borj cedria,borj cedria,ben arous,750,420,5 mars 2026,,1,,Oui,Oui,Oui,,,,,,,,Haut,,
behya.tn,https://www.behya.tn/tunisie-annonces/maison-independante-a-vendre-2/,Maison/Villa,Nabeul,kerkouane,kerkouane,8000,235000,155,27 février 2026,2,1,,,Oui,,,,,,,Bleu,,,Oui,Oui
behya.tn,https://www.behya.tn/tunisie-annonces/maison-avec-un-garage-a-vendre/,Maison/Villa,Nabeul,dar allouch,dar allouch,8000,125000,326,27 février 2026,3,1,,,,Oui,,,,,,Bleu,,,,Oui
behya.tn,https://www.behya.tn/tunisie-annonces/villa-a-el-haouaria/,Maison/Villa,Nabeul,el haouaria,el haouaria,8000,350000,270,27 février 2026,2,1,2,,,,,,Oui,,,Bleu,,,Oui,Oui
behya.tn,https://www.behya.tn/tunisie-annonces/deux-maisons-a-vendre-2/,Maison/Villa,Nabeul,kerkouane,kerkouane,8000,500000,240,27 février 2026,2,1,,,Oui,,,,,,,Bleu,,,Oui,Oui
behya.tn,https://www.behya.tn/tunisie-annonces/maison-independante-avec-deux-garages/,Maison/Villa,Nabeul,dar allouch,dar allouch,8000,180000,330,27 février 2026,2,1,,,,Oui,,,,,,Bleu,,,,Oui
behya.tn,https://www.behya.tn/tunisie-annonces/maison-avec-piscine-a-vendre/,Maison/Villa,Nabeul,azmour,azmour,8000,150000,800,27 février 2026,2,,,Oui,Oui,,,,,,,Bleu,,,,
behya.tn,https://www.behya.tn/tunisie-annonces/maison-independante-a-vendre/,Maison/Villa,Nabeul,hamam el ghezaz,hamam el ghezaz,8000,150000,137,27 février 2026,2,1,,,,,,,,,,Bleu,,,,Oui
behya.tn,https://www.behya.tn/tunisie-annonces/maison-independante-pres-de-la-route-principal/,Maison/Villa,Nabeul,dar allouche,dar allouche,8000,200000,325,27 février 2026,2,1,,,,,,,,,,Bleu,,,,Oui
behya.tn,https://www.behya.tn/tunisie-annonces/maison-independante-a-kelibia/,Maison/Villa,Nabeul,kélibia,kélibia,8090,150000,254,27 février 2026,3,1,,,,,,,,,,Bleu,,,,Oui
behya.tn,https://www.behya.tn/tunisie-annonces/maison-independante-avec-un-garage-a-kelibia/,Maison/Villa,Nabeul,kélibia,kélibia,8090,250000,137,27 février 2026,2,1,,,,Oui,,,,,,Bleu,,,Oui,Oui
behya.tn,https://www.behya.tn/tunisie-annonces/maison-style-americain-pres-de-la-mer/,Maison/Villa,Nabeul,dar allouche,dar allouche,8000,250000,180,27 février 2026,3,1,,,,,,,,,,Bleu,,,Oui,Oui
behya.tn,https://www.behya.tn/tunisie-annonces/maison-independante-pres-de-la-mer/,Maison/Villa,Nabeul,dar allouch,dar allouch,8000,160000,100,27 février 2026,2,1,,,,,,,Oui,,,Bleu,,,Oui,Oui
behya.tn,https://www.behya.tn/tunisie-annonces/maison-independante-avec-un-garage/,Maison/Villa,Nabeul,dar allouch,dar allouch,8000,200000,151,27 février 2026,,1,,,,Oui,,,,,,Bleu,,,,
behya.tn,https://www.behya.tn/tunisie-annonces/vente-villa-a-borj-cedria-2/,Maison/Villa,Ben Arous,borj cedria,borj cedria,ben arous,750,420,25 février 2026,,1,,Oui,Oui,Oui,,,,,,,,Haut,,
behya.tn,https://www.behya.tn/tunisie-annonces/vente-villa-a-borj-cedria-3/,Maison/Villa,Ben Arous,borj cedria,borj cedria,ben arous,750,420,25 février 2026,,1,,Oui,Oui,Oui,,,,,,,,Haut,,
behya.tn,https://www.behya.tn/tunisie-annonces/villa-en-u-et-piscine-privee-a-houmt-souk-djerba-p-653/,Maison/Villa,Medenine,Houmt Souk Djerba,Houmt Souk Djerba,6100,0,500,24 janvier 2026,1,1,,Oui,,,,,,,Oui,Bleu,,,,Oui
behya.tn,https://www.behya.tn/tunisie-annonces/villa-cle-en-main-avec-piscine-a-djerba-tunisie-p-652/,Maison/Villa,Medenine,Houmt Souk Djerba,Houmt Souk Djerba,6100,0,169,24 janvier 2026,2,1,Plain-pied,Oui,,,,,,,Oui,Bleu,,,,
behya.tn,https://www.behya.tn/tunisie-annonces/construction-cle-en-main-villa-avec-piscine-zu-djerba-p-691/,Maison/Villa,Medenine,Houmt Souk Djerba,Houmt Souk Djerba,6100,0,236,24 janvier 2026,,,,Oui,Oui,,,,Oui,,,,,,,Oui
behya.tn,https://www.behya.tn/tunisie-annonces/construction-villa-en-zone-urbaine-djerba-zu-p-694/,Maison/Villa,Medenine,Houmt Souk Djerba,Houmt Souk Djerba,6100,880000,401,24 janvier 2026,1,,2,Oui,Oui,Oui,,,,,Oui,Bleu,,,,Oui
behya.tn,https://www.behya.tn/tunisie-annonces/construire-une-villa-avec-piscine-a-djerba-en-tunisie-zu-p-695/,Maison/Villa,Medenine,Houmt Souk Djerba,Houmt Souk Djerba,6100,900000,198,24 janvier 2026,1,,,Oui,Oui,Oui,,Oui,,,Oui,,,,,Oui
behya.tn,https://www.behya.tn/tunisie-annonces/projet-cle-en-main-villa-a-houmt-souk-djerba-zu-p-734/,Maison/Villa,Medenine,Houmt Souk Djerba,Houmt Souk Djerba,6100,760000,147,24 janvier 2026,2,1,Plain-pied,Oui,Oui,Oui,,,,,Oui,,,,,
behya.tn,https://www.behya.tn/tunisie-annonces/projet-de-villa-cle-en-main-a-houmt-souk-djerba-zu-p735/,Maison/Villa,Medenine,Houmt Souk Djerba,Houmt Souk Djerba,6100,690000,143,24 janvier 2026,,1,Plain-pied,Oui,Oui,Oui,,,,,,,,,,Oui
behya.tn,https://www.behya.tn/tunisie-annonces/projet-de-villa-avec-piscine-a-houmt-souk-djerba-zu-p-741/,Maison/Villa,Medenine,Houmt Souk Djerba,Houmt Souk Djerba,6100,920000,461,24 janvier 2026,2,1,,Oui,Oui,Oui,,,,,,,,,,Oui
behya.tn,https://www.behya.tn/tunisie-annonces/projet-de-villa-cle-en-main-a-houmt-souk-djerba-zu-p-742/,Maison/Villa,Medenine,Houmt Souk Djerba,Houmt Souk Djerba,6100,0,126,24 janvier 2026,,1,Plain-pied,Oui,Oui,Oui,,,,,Oui,,,,,Oui
behya.tn,https://www.behya.tn/tunisie-annonces/projet-cle-en-main-de-villa-avec-etage-a-houmt-souk-djerba-zu-p-743/,Maison/Villa,Medenine,Houmt Souk Djerba,Houmt Souk Djerba,6100,880000,186,24 janvier 2026,1,1,,Oui,Oui,Oui,,,,,Oui,,,,,Oui
behya.tn,https://www.behya.tn/tunisie-annonces/vente-de-villa-haut-standing-a-houmt-souk-djerba-zu-v-738/,Maison/Villa,Medenine,Houmt Souk Djerba,Houmt Souk Djerba,6100,660000,230,23 janvier 2026,1,1,,Oui,Oui,Oui,,,,,Oui,,,Haut,,Oui
behya.tn,https://www.behya.tn/tunisie-annonces/duplex-a-vendre-a-midoun-djerba-zu-v-746/,Maison/Villa,Medenine,Midoun Djerba,Midoun Djerba,6100,450000,150,23 janvier 2026,2,1,,,Oui,,,,,,,Bleu,,Moyen,,
behya.tn,https://www.behya.tn/tunisie-annonces/villa-neuve-a-vendre-a-mezraya-djerba-za-v-731/,Maison/Villa,Medenine,Mezraya Djerba,Mezraya Djerba,6100,750000,200,23 janvier 2026,1,,,Oui,Oui,,,,,,,Bleu,,,,Oui
behya.tn,https://www.behya.tn/tunisie-annonces/villa-avec-piscine-a-houmt-souk-djerba-zu-v-733/,Maison/Villa,Medenine,Houmt Souk Djerba,Houmt Souk Djerba,6100,800000,265,23 janvier 2026,1,1,,Oui,Oui,Oui,,,Oui,,,Bleu,,,,Oui
behya.tn,https://www.behya.tn/tunisie-annonces/vente-de-villa-plain-pied-a-tezdaine-djerba-za-v-736/,Maison/Villa,Medenine,Tezdaine Djerba,Tezdaine Djerba,6100,620000,143,23 janvier 2026,2,1,Plain-pied,Oui,Oui,Oui,,,,,,,,,,
behya.tn,https://www.behya.tn/tunisie-annonces/vente-dune-villa-neuve-avec-piscine-a-djerba-midoun-za-v-750/,Maison/Villa,Medenine,Midoun Djerba,Midoun Djerba,6100,650000,158,23 janvier 2026,2,1,,Oui,Oui,Oui,,,,,Oui,,,Moyen,,
behya.tn,https://www.behya.tn/tunisie-annonces/vente-de-villa-avec-piscine-a-houmt-souk-djerba-zu-v-749/,Maison/Villa,Medenine,Houmt Souk Djerba,Houmt Souk Djerba,6100,560000,295,23 janvier 2026,2,1,,Oui,Oui,Oui,,,,,Oui,,,Moyen,,Oui
behya.tn,https://www.behya.tn/tunisie-annonces/vente-dune-villa-neuve-a-houmt-souk-djerba-zu-v-751/,Maison/Villa,Medenine,Houmt Souk Djerba,Houmt Souk Djerba,6100,600000,152,23 janvier 2026,2,1,Plain-pied,Oui,Oui,Oui,,,,,,,,Moyen,,
behya.tn,https://www.behya.tn/tunisie-annonces/vente-villa-avec-etage-a-houmt-souk-djerba-zu-v-752/,Maison/Villa,Medenine,Houmt Souk Djerba,Houmt Souk Djerba,6100,540000,148,23 janvier 2026,2,,,Oui,Oui,,,,,,Oui,,,Moyen,,
behya.tn,https://www.behya.tn/tunisie-annonces/vente-maison-a-deux-facades/,Maison/Villa,Sousse,kalaa kebira,kalaa kebira,4060,250000,52,18 janvier 2026,,,,,Oui,Oui,,,,,,,,,Oui,
behya.tn,https://www.behya.tn/tunisie-annonces/villa-pour-la-vente/,Maison/Villa,Ben Arous,megrine,megrine,2033,750,496,15 janvier 2026,2,1,,,Oui,Oui,,,,,,,,,,
behya.tn,https://www.behya.tn/tunisie-annonces/duplex-s3-vue-mer-au-golden-tulip-gammarth/,Maison/Villa,Tunis,Gammarth,Gammarth,1000,1500000,155,8 décembre 2025,3,1,,Oui,Oui,,,,Oui,Oui,Oui,,Rénové,Moyen,Oui,Oui
behya.tn,https://www.behya.tn/tunisie-annonces/villa-avendre-11/,Maison/Villa,Ben Arous,megrine coteaux,megrine coteaux,2013,750,496,26 novembre 2025,2,1,,,Oui,Oui,,,,,,,,,,
behya.tn,https://www.behya.tn/tunisie-annonces/villa-avec-jardin-megrine-sidi-rezig-a-vendre/,Maison/Villa,Ben Arous,megrine coteaux,megrine coteaux,2013,750,496,24 novembre 2025,2,1,,,Oui,Oui,,,,,,,,,,
behya.tn,https://www.behya.tn/tunisie-annonces/etage-de-villa-14/,Maison/Villa,Ben Arous,megrine coteaux,megrine coteaux,2013,320,,24 octobre 2025,2,,,,,,,,,,,,,,,
behya.tn,https://www.behya.tn/tunisie-annonces/villa-de-plain-pied-avec-piscine-a-houmt-souk-djerba-za/,Maison/Villa,Medenine,Djerba,Djerba,6100,600000,600,30 septembre 2025,2,,Plain-pied,Oui,Oui,Oui,,,,,Oui,,,,,Oui
behya.tn,https://www.behya.tn/tunisie-annonces/villa-de-plain-pied-a-vendre-a-houmt-souk-djerba-zu/,Maison/Villa,Medenine,Djerba,Djerba,6100,480000,450,30 septembre 2025,1,,Plain-pied,Oui,,Oui,,,Oui,,Oui,,,,,
behya.tn,https://www.behya.tn/tunisie-annonces/projet-cle-en-main-villa-a-houmt-souk-djerba-zu/,Maison/Villa,Medenine,Djerba,Djerba,6100,760000,170,30 septembre 2025,2,1,Plain-pied,Oui,Oui,Oui,,,,,Oui,,,,,
behya.tn,https://www.behya.tn/tunisie-annonces/villa-a-vendre-avec-piscine-a-houmt-souk-djerba-zu/,Maison/Villa,Medenine,Djerba,Djerba,6100,650000,415,30 septembre 2025,1,1,,Oui,Oui,Oui,,,Oui,,Oui,,,,,Oui
behya.tn,https://www.behya.tn/tunisie-annonces/vente-villa-neuve-a-djerba-houmt-souk-zu/,Maison/Villa,Medenine,Djerba,Djerba,6100,660000,388,30 septembre 2025,1,,,Oui,Oui,Oui,,,,,Oui,,,,,
behya.tn,https://www.behya.tn/tunisie-annonces/villa-avendre-10/,Maison/Villa,Ben Arous,megrine coteaux,megrine coteaux,2013,750,496,25 septembre 2025,2,1,,,Oui,Oui,,,,,,,,,,
behya.tn,https://www.behya.tn/tunisie-annonces/villa-avendre-9/,Maison/Villa,Ben Arous,megrine coteaux,megrine coteaux,2013,750,496,22 septembre 2025,2,1,,,Oui,Oui,,,,,,,,,,
behya.tn,https://www.behya.tn/tunisie-annonces/vente-villa-haut-de-gamme-a-mezraya-za-v621/,Maison/Villa,Medenine,Djerba,Djerba,6100,900000,507,4 septembre 2025,1,1,,Oui,Oui,Oui,,,,,Oui,,,,,Oui
behya.tn,https://www.behya.tn/tunisie-annonces/villa-haut-de-gamme-a-vendre-a-djerba-midoun-za/,Maison/Villa,Medenine,Djerba,Djerba,6100,1,14000,28 août 2025,1,1,Plain-pied,Oui,Oui,,,,Oui,Oui,Oui,Bleu,,Haut,,Oui
behya.tn,https://www.behya.tn/tunisie-annonces/villa-neuve-avec-titre-bleu-a-tezdaine-djerba-za-v690/,Maison/Villa,Medenine,Djerba,Djerba,6100,780000,423,25 août 2025,2,,,Oui,,Oui,,,Oui,,Oui,Bleu,,,,Oui
behya.tn,https://www.behya.tn/tunisie-annonces/villa-33/,Maison/Villa,Ben Arous,ezzahra,ezzahra,2034,820,413,20 août 2025,2,1,2,,Oui,Oui,,Oui,,,,,,Haut,,
behya.tn,https://www.behya.tn/tunisie-annonces/villa-avendre-7/,Maison/Villa,Ben Arous,megrine coteaux,megrine coteaux,2013,590000,333,19 août 2025,4,1,2,,Oui,Oui,,,,Oui,,,,,,
behya.tn,https://www.behya.tn/tunisie-annonces/a-louer-villa-sans-meubles-a-houmt-souk-djerba/,Maison/Villa,Medenine,Djerba,Djerba,6100,2600,,8 août 2025,1,1,,Oui,Oui,Oui,,,Oui,,,,,,,Oui
behya.tn,https://www.behya.tn/tunisie-annonces/villa-de-plain-pied-a-houmt-souk-djerba-zu-ref-v692-5/,Maison/Villa,Medenine,Djerba,Djerba,6100,400000,170,28 juillet 2025,2,1,Plain-pied,Oui,,Oui,,,,,,,,,,
behya.tn,https://www.behya.tn/tunisie-annonces/construction-villa-en-zone-urbaine-djerba-ref-p694-7/,Maison/Villa,Medenine,Djerba,Djerba,6100,1,401,28 juillet 2025,1,,2,Oui,Oui,Oui,,,,,Oui,Bleu,,,,Oui
behya.tn,https://www.behya.tn/tunisie-annonces/villa-avec-piscine-a-mezraya-djerba-za-ref-v620-2/,Maison/Villa,Medenine,Djerba,Djerba,6100,850000,185,28 juillet 2025,,,,Oui,,,,Oui,,,Oui,,,,,Oui
behya.tn,https://www.behya.tn/tunisie-annonces/villa-haut-de-gamme-a-mezraya-djerba-za-ref-v621/,Maison/Villa,Medenine,Djerba,Djerba,6100,0,507,25 juillet 2025,1,1,,Oui,Oui,Oui,,,,,Oui,,,,,Oui
behya.tn,https://www.behya.tn/tunisie-annonces/a-vendre-a-djerba-midoun-villa-avec-piscine-zu-ref-v683-2/,Maison/Villa,Medenine,Djerba,Djerba,6100,800000,780,25 juillet 2025,1,,,Oui,,Oui,,,,,Oui,,,,,Oui
behya.tn,https://www.behya.tn/tunisie-annonces/villa-neuve-a-vendre-a-la-zone-touristique-mezraya-za-ref-v640/,Maison/Villa,Medenine,Djerba,Djerba,6100,950000,496,25 juillet 2025,1,1,,Oui,Oui,,,,,,Oui,,,,Oui,Oui
behya.tn,https://www.behya.tn/tunisie-annonces/villa-de-plain-pied-a-vendre-a-houmt-souk-djerba-zu-ref-v713/,Maison/Villa,Medenine,Djerba,Djerba,6100,480000,420,16 juillet 2025,2,,Plain-pied,Oui,Oui,Oui,,,,,Oui,,,,,
behya.tn,https://www.behya.tn/tunisie-annonces/villa-30/,Maison/Villa,Ben Arous,megrine coteaux,megrine coteaux,2013,1,590,15 juillet 2025,4,2,,,Oui,Oui,,,,,,,,,,
behya.tn,https://www.behya.tn/tunisie-annonces/construire-une-villa-avec-piscine-a-djerba-en-tunisie-zu-ref-p695-4/,Maison/Villa,Medenine,Djerba,Djerba,6100,1,198,15 juillet 2025,1,,,Oui,Oui,Oui,,Oui,,,Oui,,,,,Oui
behya.tn,https://www.behya.tn/tunisie-annonces/villa-avec-piscine-a-houmt-souk-djerba-ref-l768/,Maison/Villa,Medenine,Djerba,Djerba,6100,3500,,12 juillet 2025,1,1,,Oui,Oui,,,,Oui,Oui,,,,,,Oui
behya.tn,https://www.behya.tn/tunisie-annonces/villa-a-vendre-titre-bleu-tezdaine-djerba-za-ref-v722/,Maison/Villa,Medenine,Djerba,Djerba,6100,750000,486,12 juillet 2025,2,,Plain-pied,Oui,,Oui,,,Oui,,Oui,Bleu,,,Oui,Oui
behya.tn,https://www.behya.tn/tunisie-annonces/construction-villa-en-zone-urbaine-djerba-ref-p694-6/,Maison/Villa,Medenine,Djerba,Djerba,6100,1,401,5 juillet 2025,1,,2,Oui,Oui,Oui,,,,,Oui,Bleu,,,,Oui
behya.tn,https://www.behya.tn/tunisie-annonces/villa-titree-a-djerba-tezdaine-za-ref-v718-2/,Maison/Villa,Medenine,Djerba,Djerba,6100,650000,424,2 juillet 2025,2,,Plain-pied,Oui,,Oui,,,Oui,,Oui,Bleu,,,,
behya.tn,https://www.behya.tn/tunisie-annonces/villa-a-vendre-titre-bleu-zone-urbaine-et-conformite-ref-v691-3/,Maison/Villa,Medenine,Djerba,Djerba,6100,1,236,2 juillet 2025,,,,Oui,Oui,,,,,,,Bleu,,,,Oui
behya.tn,https://www.behya.tn/tunisie-annonces/villa-29/,Maison/Villa,Ben Arous,megrine coteaux,megrine coteaux,2013,1,590,2 juillet 2025,4,2,,,Oui,Oui,,,,,,,,,,
behya.tn,https://www.behya.tn/tunisie-annonces/villa-neuve-a-djerba-houmt-souk-zu-ref-v719-2/,Maison/Villa,Medenine,Djerba,Djerba,6100,660000,388,30 juin 2025,1,,,Oui,Oui,Oui,,,,,Oui,,,,,
behya.tn,https://www.behya.tn/tunisie-annonces/a-vendre-a-djerba-midoun-villa-avec-piscine-zu-ref-v683/,Maison/Villa,Medenine,Djerba,Djerba,6100,800000,780,25 juin 2025,1,,,Oui,,Oui,,,,,Oui,,,,,Oui
behya.tn,https://www.behya.tn/tunisie-annonces/villa-meublee-a-vendre-en-zone-touristique-djerba-zt-ref-v701-2/,Maison/Villa,Medenine,Djerba,Djerba,6100,650000,400,25 juin 2025,1,,Plain-pied,Oui,Oui,Oui,,,Oui,,,,,,,Oui
behya.tn,https://www.behya.tn/tunisie-annonces/grande-maison-a-vendre-sur-mezraya-djerba-za-ref-v693-2/,Maison/Villa,Medenine,Djerba,Djerba,6100,1650000,4000,25 juin 2025,1,,Plain-pied,Oui,Oui,Oui,,,Oui,,Oui,Bleu,,,,Oui
behya.tn,https://www.behya.tn/tunisie-annonces/villa-de-plain-pied-avec-piscine-a-houmt-souk-djerba-za-ref-v705-2/,Maison/Villa,Medenine,Djerba,Djerba,6100,600000,600,20 juin 2025,2,,Plain-pied,Oui,Oui,Oui,,,,,Oui,,,,,Oui
behya.tn,https://www.behya.tn/tunisie-annonces/villa-avec-piscine-djerba-za-titre-bleu-ref-v684-2/,Maison/Villa,Medenine,Djerba,Djerba,6100,830000,780,19 juin 2025,,,2,Oui,,Oui,,,,,Oui,Bleu,,,,Oui
behya.tn,https://www.behya.tn/tunisie-annonces/villa-avec-piscine-a-djerba-aghir-zu-ref-v681-3/,Maison/Villa,Medenine,Djerba,Djerba,6100,958000,625,16 juin 2025,1,1,,Oui,Oui,Oui,,,Oui,Oui,Oui,Bleu,,,Oui,Oui
behya.tn,https://www.behya.tn/tunisie-annonces/villa-neuve-a-djerba-houmt-souk-zu-ref-v719/,Maison/Villa,Medenine,Djerba,Djerba,6100,660000,388,16 juin 2025,1,,,Oui,Oui,Oui,,,,,Oui,,,,,
behya.tn,https://www.behya.tn/tunisie-annonces/maison-de-ville-7/,Maison/Villa,Ben Arous,ezzahra,ezzahra,2034,820000,413,11 juin 2025,2,1,2,,Oui,Oui,,Oui,,,,,,Haut,,
behya.tn,https://www.behya.tn/tunisie-annonces/villa-titree-a-djerba-tezdaine-za-ref-v718/,Maison/Villa,Medenine,Djerba,Djerba,6100,650000,424,9 juin 2025,2,,Plain-pied,Oui,,Oui,,,Oui,,Oui,Bleu,,,,
behya.tn,https://www.behya.tn/tunisie-annonces/villa-a-vendre-titre-bleu-zone-urbaine-et-conformite-ref-v691/,Maison/Villa,Medenine,Djerba,Djerba,6100,1,236,9 juin 2025,,,,Oui,Oui,,,,,,,Bleu,,,,Oui
behya.tn,https://www.behya.tn/tunisie-annonces/villa-neuve-avec-piscine-titre-bleu-tezdaine-djerba-za-ref-v714/,Maison/Villa,Medenine,Djerba,Djerba,6100,780000,420,9 juin 2025,2,,,Oui,,Oui,,,Oui,,Oui,Bleu,,,,Oui
behya.tn,https://www.behya.tn/tunisie-annonces/villa-sans-meubles-a-houmt-souk-djerba-ref-l767/,Maison/Villa,Medenine,Djerba,Djerba,6100,2600,,9 juin 2025,1,1,,Oui,Oui,Oui,,,Oui,,,,,,,Oui
behya.tn,https://www.behya.tn/tunisie-annonces/maison-de-ville-3/,Maison/Villa,Ben Arous,ezzahra,ezzahra,2034,820000,413,29 mai 2025,2,1,2,,Oui,Oui,,Oui,,,,,,Haut,,
behya.tn,https://www.behya.tn/tunisie-annonces/villa-24/,Maison/Villa,Ben Arous,ezzahra,ezzahra,2034,1200000,553,29 mai 2025,,,3,,,,,,Oui,Oui,,,,Haut,,
behya.tn,https://www.behya.tn/tunisie-annonces/villa-avendre-5/,Maison/Villa,Ben Arous,megrine coteaux,megrine coteaux,2013,1150000,760,24 mai 2025,2,1,2,,Oui,,,,,,Oui,,,Haut,,
behya.tn,https://www.behya.tn/tunisie-annonces/maison-de-ville/,Maison/Villa,Ben Arous,ezzahra,ezzahra,2034,820000,413,24 mai 2025,2,1,2,,Oui,Oui,,Oui,,,,,,Haut,,
behya.tn,https://www.behya.tn/tunisie-annonces/villa-s3-a-la-soukra-mvv0395/,Maison/Villa,Ariana,la soukra,la soukra,ariana,820000,,24 mai 2025,3,1,,,Oui,,,,,Oui,,,,,,
behya.tn,https://www.behya.tn/tunisie-annonces/villa-23/,Maison/Villa,Ben Arous,ezzahra,ezzahra,2034,1200000,553,24 mai 2025,,,3,,,,,,Oui,Oui,,,,Haut,,
behya.tn,https://www.behya.tn/tunisie-annonces/belle-villa-avec-piscine-privee-en-zone-touristique-djerba/,Maison/Villa,Medenine,Djerba,Djerba,6100,990000,628,22 mai 2025,2,,,Oui,Oui,Oui,,,Oui,,,,,,,Oui
behya.tn,https://www.behya.tn/tunisie-annonces/villa-de-plain-pied-a-houmt-souk-djerba-zu-ref-v713/,Maison/Villa,Medenine,Djerba,Djerba,6100,480000,420,18 mai 2025,2,,Plain-pied,Oui,Oui,Oui,,,,,Oui,,,,,
behya.tn,https://www.behya.tn/tunisie-annonces/grande-villa-meublee-a-vendre-a-djerba-midoun-za-ref-v700/,Maison/Villa,Medenine,Djerba,Djerba,6100,1025000,1952,18 mai 2025,4,1,,Oui,,Oui,,Oui,Oui,,,,,,,Oui
behya.tn,https://www.behya.tn/tunisie-annonces/construction-villa-en-zone-urbaine-djerba-ref-p694-5/,Maison/Villa,Medenine,Djerba,Djerba,6100,1,401,16 mai 2025,1,,2,Oui,Oui,Oui,,,,,Oui,Bleu,,,,Oui
behya.tn,https://www.behya.tn/tunisie-annonces/duplex-s3-avec-chambre-de-service-jardin-et-piscine-a-la-soukra-mdv0161/,Maison/Villa,Ariana,la soukra,la soukra,ariana,920000,,16 mai 2025,3,1,,Oui,Oui,Oui,,,Oui,Oui,Oui,,,,,
behya.tn,https://www.behya.tn/tunisie-annonces/duplex-s4-vue-sur-mer-a-la-goulette-mdv0122-2/,Maison/Villa,Tunis,la goulette,la goulette,2060,720000,,13 mai 2025,4,1,,,,Oui,,Oui,Oui,Oui,,,,,Oui,
behya.tn,https://www.behya.tn/tunisie-annonces/duplex-s3-avec-jardin-et-piscine-a-la-soukra-mdv0075/,Maison/Villa,Ariana,la soukra,la soukra,ariana,1650000,,9 mai 2025,3,1,,Oui,Oui,Oui,,,Oui,Oui,,,,,,Oui
behya.tn,https://www.behya.tn/tunisie-annonces/duplex-s3-avec-jardin-a-la-soukra-zdv0169/,Maison/Villa,Tunis,ain zaghwene nord,ain zaghwene nord,1000,675000,,30 avril 2025,3,1,,,Oui,,,,Oui,Oui,Oui,,,,,
behya.tn,https://www.behya.tn/tunisie-annonces/villa-s5-avec-piscine-a-la-soukra-zvv173/,Maison/Villa,Tunis,la marsa,la marsa,2070,1100000,,28 avril 2025,5,1,,Oui,Oui,,,Oui,Oui,Oui,Oui,,,,,Oui
behya.tn,https://www.behya.tn/tunisie-annonces/maison-3/,Maison/Villa,Tozeur,Elmahassen 2224,Elmahassen 2224,2200,100000,,26 avril 2025,3,1,,,,Oui,,,,,,,,,,
behya.tn,https://www.behya.tn/tunisie-annonces/villa-meublee-a-vendre-en-zone-touristique-djerba-zt-ref-v701/,Maison/Villa,Medenine,Djerba,Djerba,6100,650000,400,24 avril 2025,1,,Plain-pied,Oui,Oui,Oui,,,Oui,,,,,,,Oui
behya.tn,https://www.behya.tn/tunisie-annonces/construction-cle-en-main-villa-avec-piscine-zu-djerba-ref-p691-7/,Maison/Villa,Medenine,Djerba,Djerba,6100,1,236,24 avril 2025,,,,Oui,Oui,,,,Oui,,,,,,,Oui
behya.tn,https://www.behya.tn/tunisie-annonces/villa-avec-piscine-a-mezraya-djerba-za-ref-v620-5/,Maison/Villa,Medenine,Djerba,Djerba,6100,850000,185,24 avril 2025,,,,Oui,,,,Oui,,,Oui,,,,,Oui
behya.tn,https://www.behya.tn/tunisie-annonces/villa-19/,Maison/Villa,Ben Arous,ezzahra,ezzahra,2034,0,413,4 avril 2025,2,1,2,,Oui,Oui,,Oui,,,,,,Haut,,
behya.tn,https://www.behya.tn/tunisie-annonces/villa-avendre-3/,Maison/Villa,Ben Arous,ezzahra,ezzahra,2034,12000000,553,4 avril 2025,,,3,,,,,,Oui,Oui,,,,Haut,,
behya.tn,https://www.behya.tn/tunisie-annonces/villa-neuve-a-la-zone-touristique-mezraya-za-ref-v640-5/,Maison/Villa,Medenine,Djerba,Djerba,6100,950000,496,25 mars 2025,1,1,,Oui,Oui,,,,,,Oui,,,,Oui,Oui
behya.tn,https://www.behya.tn/tunisie-annonces/maison-a-kerkouane-a-vendre/,Maison/Villa,Nabeul,kerkouane,kerkouane,8000,120000,220,22 mars 2025,2,,,,Oui,,,,,,,Bleu,,,Oui,Oui
behya.tn,https://www.behya.tn/tunisie-annonces/belle-villa-avec-piscine-privee-en-zone-touristique-djerba-ref-v623/,Maison/Villa,Medenine,Djerba,Djerba,6100,990000,628,22 mars 2025,2,,,Oui,Oui,Oui,,,Oui,,,,,,,Oui
behya.tn,https://www.behya.tn/tunisie-annonces/grande-maison-a-vendre-sur-mezraya-djerba-za-ref-v693/,Maison/Villa,Medenine,DJERBA,DJERBA,6100,1650000,4000,22 mars 2025,1,,Plain-pied,Oui,Oui,Oui,,,Oui,,Oui,Bleu,,,,Oui
behya.tn,https://www.behya.tn/tunisie-annonces/construction-villa-en-zone-urbaine-djerba-ref-p694-4/,Maison/Villa,Medenine,Djerba,Djerba,6100,1,401,22 mars 2025,1,,2,Oui,Oui,Oui,,,,,Oui,Bleu,,,,Oui
behya.tn,https://www.behya.tn/tunisie-annonces/grande-villa-meublee-a-djerba-midoun-za-ref-v700/,Maison/Villa,Medenine,DJERBA MIDOUN,DJERBA MIDOUN,6115,1025000,1952,17 mars 2025,4,1,,Oui,,Oui,,Oui,Oui,,,,,,,Oui
behya.tn,https://www.behya.tn/tunisie-annonces/construire-une-villa-avec-piscine-a-djerba-en-tunisie-zu-ref-p695-3/,Maison/Villa,Medenine,Djerba,Djerba,6100,1,198,17 mars 2025,1,,,Oui,Oui,Oui,,Oui,,,Oui,,,,,Oui
behya.tn,https://www.behya.tn/tunisie-annonces/villa-avendre-2/,Maison/Villa,Ben Arous,EZZAHRA,EZZAHRA,2034,1,413,8 mars 2025,2,1,2,,Oui,Oui,,Oui,,,,,,Haut,,
behya.tn,https://www.behya.tn/tunisie-annonces/villa-de-plain-pied-a-houmt-souk-djerba-zu-ref-v692-4/,Maison/Villa,Medenine,Djerba,Djerba,6100,400000,170,6 mars 2025,2,1,Plain-pied,Oui,,Oui,,,,,,,,,,
behya.tn,https://www.behya.tn/tunisie-annonces/construction-cle-en-main-villa-avec-piscine-zu-djerba-ref-p691-6/,Maison/Villa,Medenine,Djerba,Djerba,6100,1,236,6 mars 2025,,,,Oui,Oui,,,,Oui,,,,,,,Oui
behya.tn,https://www.behya.tn/tunisie-annonces/villa-15/,Maison/Villa,Ben Arous,megrine coteaux,megrine coteaux,2013,1,760,4 mars 2025,2,1,2,,Oui,,,,,,Oui,,,Haut,,
behya.tn,https://www.behya.tn/tunisie-annonces/villa-neuve-a-la-zone-touristique-mezraya-za-ref-v640-4/,Maison/Villa,Medenine,Djerba,Djerba,6100,950000,496,27 février 2025,1,1,,Oui,Oui,,,,,,Oui,,,,Oui,Oui
behya.tn,https://www.behya.tn/tunisie-annonces/villa-pres-de-la-plage-3/,Maison/Villa,Nabeul,dar allouche,dar allouche,8000,390000,250,27 février 2025,3,,,,,,,,,,,Bleu,,,Oui,Oui
behya.tn,https://www.behya.tn/tunisie-annonces/villa-pres-de-la-plage-4/,Maison/Villa,Nabeul,dar allouche,dar allouche,8000,530000,500,27 février 2025,3,2,,,Oui,,,,,,,Bleu,,,Oui,Oui
behya.tn,https://www.behya.tn/tunisie-annonces/villa-pres-de-la-plage-avec-un-grand-jardin/,Maison/Villa,Sfax,dar allouch,dar allouch,8000,390000,1200,27 février 2025,3,,,,Oui,,,,,,,,,,Oui,
behya.tn,https://www.behya.tn/tunisie-annonces/maison-pres-de-la-plage-2/,Maison/Villa,Nabeul,dar allouch,dar allouch,8000,0,230,27 février 2025,2,,,,,,,,,,,Bleu,,,,Oui
behya.tn,https://www.behya.tn/tunisie-annonces/construction-villa-en-zone-urbaine-djerba-ref-p694-3/,Maison/Villa,Medenine,Djerba,Djerba,6100,1,401,27 février 2025,1,,2,Oui,Oui,Oui,,,,,Oui,Bleu,,,,Oui
behya.tn,https://www.behya.tn/tunisie-annonces/maison-avec-2-garages-a-vendre-2/,Maison/Villa,Nabeul,kélibia,kélibia,8090,225000,155,27 février 2025,3,,,,,Oui,,,,,,Bleu,,,,
behya.tn,https://www.behya.tn/tunisie-annonces/construction-villa-avec-piscine-cle-en-main-ref-p691/,Maison/Villa,Medenine,Djerba,Djerba,6100,1,236,16 février 2025,,,,Oui,Oui,,,,Oui,,,,,,,Oui
behya.tn,https://www.behya.tn/tunisie-annonces/grande-maison-sur-mezraya-djerba-za-ref-v693-3/,Maison/Villa,Medenine,Djerba,Djerba,6100,1650000,4000,12 février 2025,1,,Plain-pied,Oui,Oui,Oui,,,Oui,,Oui,Bleu,,,,Oui
behya.tn,https://www.behya.tn/tunisie-annonces/villa-avendre/,Maison/Villa,Ben Arous,ezzahra,ezzahra,2034,1200000000,553,11 février 2025,,,3,,,,,,Oui,Oui,,,,Haut,,
behya.tn,https://www.behya.tn/tunisie-annonces/construire-une-villa-avec-piscine-a-djerba-en-tunisie-zu-ref-p695-2/,Maison/Villa,Medenine,Djerba,Djerba,6100,1,198,6 février 2025,1,,,Oui,Oui,Oui,,Oui,,,Oui,,,,,Oui
behya.tn,https://www.behya.tn/tunisie-annonces/villa-10/,Maison/Villa,Ben Arous,ezzahra,ezzahra,2034,3300000,640,6 février 2025,5,1,,Oui,Oui,,,,Oui,Oui,Oui,,,Haut,,Oui
behya.tn,https://www.behya.tn/tunisie-annonces/belle-villa-avec-piscine-privee-en-zt-djerba-ref-v623/,Maison/Villa,Medenine,Djerba,Djerba,6100,990000,628,31 janvier 2025,2,,,Oui,Oui,Oui,,,Oui,,,,,,,Oui
behya.tn,https://www.behya.tn/tunisie-annonces/villa-neuve-a-la-zone-touristique-mezraya-za-ref-v640-3/,Maison/Villa,Medenine,Djerba,Djerba,6100,950000,496,31 janvier 2025,1,1,,Oui,Oui,,,,,,Oui,,,,Oui,Oui
behya.tn,https://www.behya.tn/tunisie-annonces/construire-une-villa-avec-piscine-a-djerba-en-tunisie-zu-ref-p695/,Maison/Villa,Medenine,Djerba,Djerba,6100,1,198,22 janvier 2025,1,,,Oui,Oui,Oui,,Oui,,,Oui,,,,,Oui
behya.tn,https://www.behya.tn/tunisie-annonces/construction-villa-en-zone-urbaine-djerba-ref-p694-2/,Maison/Villa,Medenine,Djerba,Djerba,6100,1,401,19 janvier 2025,1,,2,Oui,Oui,Oui,,,,,Oui,Bleu,,,,Oui
behya.tn,https://www.behya.tn/tunisie-annonces/construction-cle-en-main-villa-avec-piscine-zu-djerba-ref-p691-5/,Maison/Villa,Medenine,Djerba,Djerba,6100,1,236,19 janvier 2025,,,,Oui,Oui,,,,Oui,,,,,,,Oui
behya.tn,https://www.behya.tn/tunisie-annonces/grande-maison-sur-mezraya-djerba-za-ref-v693-2/,Maison/Villa,Medenine,Djerba,Djerba,6100,1650000,4000,13 janvier 2025,1,,Plain-pied,Oui,Oui,Oui,,,Oui,,Oui,Bleu,,,,Oui
behya.tn,https://www.behya.tn/tunisie-annonces/construction-villa-en-zone-urbaine-djerba-ref-p694/,Maison/Villa,Medenine,Djerba,Djerba,6100,0,401,21 décembre 2024,1,,2,Oui,Oui,Oui,,,,,Oui,Bleu,,,,Oui
behya.tn,https://www.behya.tn/tunisie-annonces/construction-cle-en-main-villa-avec-piscine-zu-djerba-ref-p691-4/,Maison/Villa,Medenine,Djerba,Djerba,6100,1,236,16 décembre 2024,,,,Oui,Oui,,,,Oui,,,,,,,Oui
behya.tn,https://www.behya.tn/tunisie-annonces/villa-s6-avec-piscine-a-la-soukra-zvv0404/,Maison/Villa,Ariana,la soukra,la soukra,ariana,1700000,,13 décembre 2024,6,1,,Oui,Oui,,,,Oui,Oui,,,,,,
behya.tn,https://www.behya.tn/tunisie-annonces/villa-neuve-a-la-zone-touristique-mezraya-za-ref-v640-2/,Maison/Villa,Medenine,Djerba,Djerba,6100,950000,496,9 décembre 2024,1,1,,Oui,Oui,,,,,,Oui,,,,Oui,Oui
behya.tn,https://www.behya.tn/tunisie-annonces/villa-de-plain-pied-a-houmt-souk-djerba-zu-ref-v692-3/,Maison/Villa,Medenine,DJERBA,DJERBA,6100,400000,170,9 décembre 2024,2,1,Plain-pied,Oui,,Oui,,,,,,,,,,
behya.tn,https://www.behya.tn/tunisie-annonces/villa-neuve-avec-titre-bleu-a-tezdaine-djerba-za-ref-v690-3/,Maison/Villa,Medenine,Djerba,Djerba,6100,780000,423,9 décembre 2024,2,,,Oui,,Oui,,,Oui,,Oui,Bleu,,,,Oui
behya.tn,https://www.behya.tn/tunisie-annonces/villa-en-u-et-piscine-privee-a-houmt-souk-djerba-ref-p653-2/,Maison/Villa,Medenine,Djerba,Djerba,6100,0,500,4 décembre 2024,1,1,,Oui,,,,,,,Oui,Bleu,,,,Oui
behya.tn,https://www.behya.tn/tunisie-annonces/villa-5/,Maison/Villa,Ben Arous,borj cedria,borj cedria,ben arous,0,600,28 novembre 2024,3,,2,,Oui,Oui,,,,Oui,,,Neuf,,,
behya.tn,https://www.behya.tn/tunisie-annonces/villa-2/,Maison/Villa,Ben Arous,ezzahra,ezzahra,2034,1200000,553,27 novembre 2024,,,3,,,,,,Oui,Oui,,,,Haut,,
behya.tn,https://www.behya.tn/tunisie-annonces/belle-villa-avec-piscine-en-zone-touristique-djerba-ref-v623-2/,Maison/Villa,Medenine,Djerba,Djerba,6100,990000,628,27 novembre 2024,2,,,Oui,Oui,Oui,,,Oui,,,,,,,Oui
behya.tn,https://www.behya.tn/tunisie-annonces/construction-cle-en-main-villa-avec-piscine-zu-djerba-ref-p691-3/,Maison/Villa,Medenine,Djerba,Djerba,6100,1,236,24 novembre 2024,,,,Oui,Oui,,,,Oui,,,,,,,Oui
behya.tn,https://www.behya.tn/tunisie-annonces/villa-de-plain-pied-a-houmt-souk-djerba-zu-ref-v692-2/,Maison/Villa,Medenine,Djerba,Djerba,6100,400000,170,18 novembre 2024,2,1,Plain-pied,Oui,,Oui,,,,,,,,,,
behya.tn,https://www.behya.tn/tunisie-annonces/villa-avec-piscine-a-mezraya-djerba-za-ref-v620-4/,Maison/Villa,Medenine,Djerba,Djerba,6100,850000,185,15 novembre 2024,,,,Oui,,,,Oui,,,Oui,,,,,Oui
behya.tn,https://www.behya.tn/tunisie-annonces/grande-maison-sur-mezraya-djerba-za-ref-v693/,Maison/Villa,Medenine,DJERBA,DJERBA,6100,1650000,4000,11 novembre 2024,1,,Plain-pied,Oui,Oui,Oui,,,Oui,,Oui,Bleu,,,,Oui
behya.tn,https://www.behya.tn/tunisie-annonces/villa-avec-piscine-a-djerba-aghir-zu-ref-v681-2/,Maison/Villa,Medenine,Djerba,Djerba,6100,958000,625,5 novembre 2024,1,1,,Oui,Oui,Oui,,,Oui,Oui,Oui,Bleu,,,Oui,Oui
behya.tn,https://www.behya.tn/tunisie-annonces/villa-neuve-avec-titre-bleu-a-tezdaine-djerba-za-ref-v690-2/,Maison/Villa,Medenine,DJERBA,DJERBA,6100,780000,423,5 novembre 2024,2,,,Oui,,Oui,,,Oui,,Oui,Bleu,,,,Oui
behya.tn,https://www.behya.tn/tunisie-annonces/villa-s5-a-gammarth-mvv0355/,Maison/Villa,Tunis,gammarth,gammarth,1000,2800000,,5 novembre 2024,5,1,,,Oui,Oui,,,Oui,Oui,,,,,,Oui
behya.tn,https://www.behya.tn/tunisie-annonces/villa-s5-avec-piscine-a-gammarth-mvv0249/,Maison/Villa,Tunis,gammarth,gammarth,1000,3500000,,1 novembre 2024,5,1,,Oui,Oui,Oui,,,Oui,Oui,,,,,,Oui
behya.tn,https://www.behya.tn/tunisie-annonces/construction-cle-en-main-villa-avec-piscine-zu-djerba-ref-p691-2/,Maison/Villa,Medenine,DJERBA,DJERBA,6100,1,236,29 octobre 2024,,,,Oui,Oui,,,,Oui,,,,,,,Oui
behya.tn,https://www.behya.tn/tunisie-annonces/villa-en-u-et-piscine-privee-a-houmt-souk-djerba-ref-p653/,Maison/Villa,Medenine,Djerba,Djerba,6100,0,500,24 octobre 2024,1,1,,Oui,,,,,,,Oui,Bleu,,,,Oui
behya.tn,https://www.behya.tn/tunisie-annonces/villa-de-plain-pied-a-houmt-souk-djerba-zu-ref-v692/,Maison/Villa,Medenine,Djerba,Djerba,6100,400000,170,18 octobre 2024,2,1,Plain-pied,Oui,,Oui,,,,,,,,,,
behya.tn,https://www.behya.tn/tunisie-annonces/rdch-villa-s2-a-la-soukra-mrcv0015/,Maison/Villa,Ariana,la soukra,la soukra,ariana,345000,,18 octobre 2024,2,1,,,,Oui,,,Oui,Oui,Oui,,,,,Oui
behya.tn,https://www.behya.tn/tunisie-annonces/construction-cle-en-main-villa-avec-piscine-zu-djerba-ref-p691/,Maison/Villa,Medenine,Djerba,Djerba,6100,0,236,15 octobre 2024,,,,Oui,Oui,,,,Oui,,,,,,,Oui
behya.tn,https://www.behya.tn/tunisie-annonces/villa-s8-avec-deux-niveaux-separes-a-la-marsa-mvv0367/,Maison/Villa,Tunis,la marsa,la marsa,2070,1600000,,15 octobre 2024,8,1,,,Oui,Oui,,,Oui,Oui,,,,,,
behya.tn,https://www.behya.tn/tunisie-annonces/villa-neuve-a-la-zone-touristique-mezraya-za-ref-v640/,Maison/Villa,Medenine,Djerba,Djerba,6100,950000,496,9 octobre 2024,1,1,,Oui,Oui,,,,,,Oui,,,,Oui,Oui
behya.tn,https://www.behya.tn/tunisie-annonces/villa-cle-en-main-avec-piscine-a-djerba-tunisie-ref-p652/,Maison/Villa,Medenine,Djerba,Djerba,6100,0,169,6 octobre 2024,2,1,Plain-pied,Oui,,,,,,,Oui,Bleu,,,,
behya.tn,https://www.behya.tn/tunisie-annonces/villa-avec-piscine-a-mezraya-djerba-za-ref-v620-3/,Maison/Villa,Medenine,Djerba,Djerba,6100,850000,185,4 octobre 2024,,,,Oui,,,,Oui,,,Oui,,,,,Oui
behya.tn,https://www.behya.tn/tunisie-annonces/duplex-s3-vue-sur-mer-a-la-goulette-mav1508/,Maison/Villa,Tunis,l aouina,l aouina,1000,650000,,2 octobre 2024,3,1,,,,,,Oui,Oui,Oui,,,,,Oui,
behya.tn,https://www.behya.tn/tunisie-annonces/villa-neuve-avec-titre-bleu-a-tezdaine-djerba-za-ref-v690/,Maison/Villa,Medenine,Djerba,Djerba,6100,780000,423,16 septembre 2024,2,,,Oui,,Oui,,,Oui,,Oui,Bleu,,,,Oui
behya.tn,https://www.behya.tn/tunisie-annonces/villa-s6-a-gammarth-zvv0032/,Maison/Villa,Tunis,gammarth,gammarth,1000,1750000,,15 septembre 2024,6,1,,,Oui,Oui,,Oui,Oui,Oui,,,,,,
behya.tn,https://www.behya.tn/tunisie-annonces/offre-construction-maison-a-djerba-houmt-souk-ref-p653-2/,Maison/Villa,Medenine,Djerba,Djerba,6100,0,500,10 septembre 2024,1,1,,Oui,,,,,,,Oui,Bleu,,,,Oui
behya.tn,https://www.behya.tn/tunisie-annonces/villa-s4-vue-mer-avec-piscine-a-gammarth-mvv0381/,Maison/Villa,Tunis,gammarth,gammarth,1000,5800000,,6 septembre 2024,4,1,,Oui,Oui,,,,Oui,Oui,,,,,Oui,
behya.tn,https://www.behya.tn/tunisie-annonces/villa-s6-avec-piscine-a-la-soukra-mvv0272/,Maison/Villa,Ariana,la soukra,la soukra,ariana,2200000,,3 septembre 2024,6,1,,Oui,Oui,Oui,,,Oui,Oui,,,,,,
behya.tn,https://www.behya.tn/tunisie-annonces/villa-s4-a-ain-zaghouan-nord-mvv0380-2/,Maison/Villa,Tunis,ain zaghwene,ain zaghwene,1000,1200000,,26 août 2024,4,1,Plain-pied,,Oui,Oui,,,Oui,Oui,,,,,,
behya.tn,https://www.behya.tn/tunisie-annonces/villa-avec-piscine-a-djerba-aghir-zu-ref-v681/,Maison/Villa,Medenine,Djerba,Djerba,6100,958000,625,24 août 2024,1,1,,Oui,Oui,Oui,,,Oui,Oui,Oui,Bleu,,,Oui,Oui
behya.tn,https://www.behya.tn/tunisie-annonces/villa-avec-piscine-a-mezraya-djerba-za-ref-v620/,Maison/Villa,Medenine,Mezraya,Mezraya,6100,850000,185,24 août 2024,,,,Oui,,,,Oui,,,Oui,,,,,Oui
behya.tn,https://www.behya.tn/tunisie-annonces/offre-construction-maison-a-djerba-houmt-souk-ref-p653/,Maison/Villa,Medenine,Djerba,Djerba,6100,0,500,24 août 2024,1,1,Plain-pied,Oui,,,,,,,Oui,Bleu,,,,Oui
behya.tn,https://www.behya.tn/tunisie-annonces/duplex-s3-avec-terrasse-aux-jardins-de-carthage-zdv0022/,Maison/Villa,Tunis,jardins de carthage,jardins de carthage,1000,770000,,20 août 2024,3,1,,,Oui,,Oui,,Oui,Oui,,,Rénové,,,Oui
behya.tn,https://www.behya.tn/tunisie-annonces/villa-s4-avec-piscine-a-gammarth-mvv0379/,Maison/Villa,Tunis,gammarth,gammarth,1000,2200000,,20 août 2024,4,1,,Oui,,Oui,,,Oui,Oui,,,,,,Oui
behya.tn,https://www.behya.tn/tunisie-annonces/belle-villa-avec-piscine-en-zone-touristique-djerba-ref-v623/,Maison/Villa,Medenine,Djerba,Djerba,6100,990000,628,16 août 2024,2,,,Oui,Oui,Oui,,,Oui,,,,,,,Oui
behya.tn,https://www.behya.tn/tunisie-annonces/projet-villa-neuve-avec-piscine-a-mezraya-za-ref-v658/,Maison/Villa,Medenine,Djerba,Djerba,6100,1,1365,9 août 2024,,1,,Oui,,,,,,,,,,,,Oui
behya.tn,https://www.behya.tn/tunisie-annonces/villa-avec-piscine-djerba-za-titre-bleu-ref-v684/,Maison/Villa,Medenine,Djerba,Djerba,6100,830000,780,9 août 2024,,,2,Oui,,Oui,,,,,Oui,Bleu,,,,Oui
behya.tn,https://www.behya.tn/tunisie-annonces/une-tres-belle-villa-a-vendre-a-djerba/,Maison/Villa,Medenine,Djeba,Djeba,6100,580000,180,6 août 2024,2,1,,Oui,Oui,Oui,,,,,,,,,,
behya.tn,https://www.behya.tn/tunisie-annonces/villa-neuve-a-la-zone-touristique-mezraya-ref-v640-2/,Maison/Villa,Medenine,Djerba,Djerba,6100,950000,496,2 août 2024,1,1,,Oui,Oui,,,,,,Oui,,,,Oui,Oui
behya.tn,https://www.behya.tn/tunisie-annonces/villa-avec-piscine-a-mezraya-djerba-ref-v620-3/,Maison/Villa,Medenine,Djerba,Djerba,6100,850000,185,1 août 2024,,,,Oui,,,,Oui,,,Oui,,,,,Oui
behya.tn,https://www.behya.tn/tunisie-annonces/villa-s5-avec-piscine-a-la-marsa-mvl0024/,Maison/Villa,Tunis,la marsa,la marsa,2070,12000,,25 juillet 2024,5,1,,Oui,Oui,,Oui,,Oui,Oui,,,,,,
behya.tn,https://www.behya.tn/tunisie-annonces/villa-neuve-a-la-zone-touristique-mezraya-ref-v640/,Maison/Villa,Medenine,Djerba,Djerba,6100,950000,496,17 juillet 2024,1,1,,Oui,Oui,,,,,,Oui,,,,Oui,Oui
behya.tn,https://www.behya.tn/tunisie-annonces/villa-haut-de-gamme-a-mezraya-ref-v621/,Maison/Villa,Medenine,Djerba,Djerba,6100,1,507,3 juillet 2024,1,1,,Oui,Oui,Oui,,,,,Oui,,,,,Oui
behya.tn,https://www.behya.tn/tunisie-annonces/villa-avec-piscine-a-djerba-aghir-ref-v681/,Maison/Villa,Medenine,Djerba,Djerba,6100,958000,625,1 juillet 2024,1,1,,Oui,Oui,Oui,,,Oui,Oui,Oui,Bleu,,,Oui,Oui
behya.tn,https://www.behya.tn/tunisie-annonces/villa-s4-avec-piscine-a-la-marsa-mvv0284/,Maison/Villa,Tunis,la marsa,la marsa,2070,2300000,,22 juin 2024,4,1,,Oui,Oui,Oui,,,Oui,Oui,Oui,,,,,
behya.tn,https://www.behya.tn/tunisie-annonces/villa-avec-piscine-a-mezraya-djerba-ref-v620/,Maison/Villa,Medenine,Djerba,Djerba,6100,1,185,22 juin 2024,,,,Oui,,,,Oui,,,Oui,,,,,Oui
behya.tn,https://www.behya.tn/tunisie-annonces/villa-s4-avec-piscine-a-gammarth-mvv0142/,Maison/Villa,Tunis,gammarth,gammarth,1000,1750000,,15 juin 2024,4,1,,Oui,Oui,Oui,,,Oui,Oui,Oui,,,,,Oui
behya.tn,https://www.behya.tn/tunisie-annonces/villa-neuve-a-la-zone-touristique-djerba-ref-v640/,Maison/Villa,Medenine,Djerba,Djerba,6100,1,496,12 juin 2024,1,1,,Oui,Oui,,,,,,Oui,,,,Oui,Oui
behya.tn,https://www.behya.tn/tunisie-annonces/vente-dune-villa-en-cours-de-construction-a-djerba/,Maison/Villa,Medenine,Houmt Souk Djerba,Houmt Souk Djerba,6100,250000,,5 juin 2024,3,1,,Oui,Oui,,,,,,,,,,Oui,
behya.tn,https://www.behya.tn/tunisie-annonces/villa-s5-a-la-soukra-zvv0273/,Maison/Villa,Ariana,la soukra,la soukra,ariana,1900000,,5 juin 2024,5,1,,,Oui,,,,Oui,Oui,,,,,,
behya.tn,https://www.behya.tn/tunisie-annonces/villa-s3-vue-sur-mer-avec-piscine-a-carthage-mvl0319/,Maison/Villa,Tunis,ain zaghwene,ain zaghwene,1000,8000,,2 juin 2024,3,1,,Oui,Oui,Oui,,,Oui,Oui,Oui,,,,Oui,
behya.tn,https://www.behya.tn/tunisie-annonces/vente-villa-avec-piscine-a-mezraya-djerba-ref-v620-3/,Maison/Villa,Medenine,Djerba,Djerba,6100,1,185,2 juin 2024,,,,Oui,,,,Oui,,,Oui,,,,,Oui
behya.tn,https://www.behya.tn/tunisie-annonces/villa-en-cours-de-construction-a-vendre-opportunite-a-saisir/,Maison/Villa,Medenine,Houmt Souk Djerba,Houmt Souk Djerba,6100,250000,143,28 mai 2024,3,1,21627502372,Oui,,,,,,,,,,,,
behya.tn,https://www.behya.tn/tunisie-annonces/une-villa-avec-une-tres-belle-vue-de-mer-a-vendre-a-djerba/,Maison/Villa,Medenine,Houmt Souk Djerba,Houmt Souk Djerba,6100,420000,180,28 mai 2024,5,2,,Oui,,,,,,,,,,,Oui,
behya.tn,https://www.behya.tn/tunisie-annonces/une-maison-a-vendre-a-djerba/,Maison/Villa,Medenine,Houmt Souk Djerba,Houmt Souk Djerba,6100,300000,230,28 mai 2024,,,,,,,,,,,,,,,Oui,
behya.tn,https://www.behya.tn/tunisie-annonces/a-vendre-en-zone-touristique-belle-villa-avec-piscine-privee-ref-v623-4/,Maison/Villa,Medenine,Djerba,Djerba,6100,990000,628,25 mai 2024,2,,,Oui,Oui,Oui,,,Oui,,,,,,,Oui
behya.tn,https://www.behya.tn/tunisie-annonces/villa-s5-a-la-marsa-zvl1541-2/,Maison/Villa,Tunis,la marsa,la marsa,2070,4200,,23 mai 2024,5,1,,,Oui,Oui,,,Oui,Oui,,,,,,Oui
behya.tn,https://www.behya.tn/tunisie-annonces/villa-s3-avec-piscine-a-la-marsa-mvl1545/,Maison/Villa,Tunis,la marsa,la marsa,2070,250,,16 mai 2024,3,1,,Oui,,,,,Oui,Oui,,,,,,Oui
behya.tn,https://www.behya.tn/tunisie-annonces/villa-s5-avec-piscine-a-la-soukra-zvv0173/,Maison/Villa,Ariana,la soukra,la soukra,ariana,11000000,,1 mai 2024,5,1,,Oui,Oui,,,Oui,Oui,Oui,Oui,,,,,Oui
behya.tn,https://www.behya.tn/tunisie-annonces/villa-avec-jardin-a-vendre-a-cite-el-khalil/,Maison/Villa,Tunis,la marsa,la marsa,2070,800000,404,25 avril 2024,3,1,,,Oui,Oui,,,Oui,Oui,,,,,,
behya.tn,https://www.behya.tn/tunisie-annonces/duplex-a-usage-bureautique-aux-berges-du-lac-2/,Maison/Villa,Tunis,les berges du lac2,les berges du lac2,1000,3326740,,25 avril 2024,,2,,,,,,,,,,,,,,
behya.tn,https://www.behya.tn/tunisie-annonces/grande-maison-a-vendre-en-zone-touristique-djerba-ref-v590-2/,Maison/Villa,Medenine,Djerba,Djerba,6100,980000,350,23 avril 2024,2,,,,,Oui,,,Oui,,Oui,Bleu,,,,Oui
behya.tn,https://www.behya.tn/tunisie-annonces/villa-a-retaper-a-la-marsa-zvv0356/,Maison/Villa,Tunis,a la marsa,a la marsa,1000,160000,,23 avril 2024,3,1,,,Oui,,,,,,,,,,,
behya.tn,https://www.behya.tn/tunisie-annonces/duplex-s5-avec-jardin-a-laouina-zdv0110/,Maison/Villa,Tunis,,,N/A,750000,,23 avril 2024,5,1,,,Oui,,,,Oui,Oui,,,,,,Oui
behya.tn,https://www.behya.tn/tunisie-annonces/villa-s3-a-marina-gammarth-mvv0094/,Maison/Villa,Tunis,a la marsa,a la marsa,1000,3500000,,12 avril 2024,3,1,,,Oui,,,,Oui,Oui,,,,,,
behya.tn,https://www.behya.tn/tunisie-annonces/vente-villa-neuve-avec-piscine-a-houmt-souk-djerba-ref-v-628-2/,Maison/Villa,Medenine,Djerba Houmt Souk,Djerba Houmt Souk,6100,650000,408,12 avril 2024,1,1,,Oui,Oui,Oui,,,Oui,,Oui,,,,,Oui
behya.tn,https://www.behya.tn/tunisie-annonces/villa-s4-avec-piscine-a-gammarth-mvv0290/,Maison/Villa,Tunis,gammarth,gammarth,1000,1500000,,2 avril 2024,4,1,,Oui,Oui,Oui,,,Oui,Oui,,,,,,Oui
behya.tn,https://www.behya.tn/tunisie-annonces/duplex-s3-avec-jardin-a-la-marsa-mdv0143/,Maison/Villa,Tunis,a la marsa,a la marsa,1000,890000,,31 mars 2024,3,1,,,Oui,,,,Oui,Oui,,,,,,
behya.tn,https://www.behya.tn/tunisie-annonces/duplex-s3-avec-terrasse-a-la-marsazdv0100/,Maison/Villa,Tunis,a la marsa,a la marsa,1000,600000,,31 mars 2024,3,1,,,Oui,,,,Oui,Oui,,,,,,Oui
behya.tn,https://www.behya.tn/tunisie-annonces/duplex-s5-a-ain-zaghouan-nord-zdv0011/,Maison/Villa,Tunis,ain zaghwen,ain zaghwen,1000,600000,,31 mars 2024,5,1,,,,,Oui,,Oui,Oui,,,,,,Oui
behya.tn,https://www.behya.tn/tunisie-annonces/a-vendre-villa-el-manar/,Maison/Villa,Ariana,el manar ariana,el manar ariana,2080,820,,26 mars 2024,,,,,,,Oui,,,,,Bleu,,,,
behya.tn,https://www.behya.tn/tunisie-annonces/vente-villa-haut-de-gamme-a-mezraya-ref-v621-4/,Maison/Villa,Medenine,Djerba,Djerba,6100,1,507,22 mars 2024,1,1,,Oui,Oui,Oui,,,,,Oui,,,,,Oui
behya.tn,https://www.behya.tn/tunisie-annonces/villa-s5-a-la-soukra-mvv0162/,Maison/Villa,Ariana,la soukra,la soukra,ariana,1200000,,22 mars 2024,5,1,,,Oui,Oui,,,Oui,Oui,,,,,,Oui
behya.tn,https://www.behya.tn/tunisie-annonces/villa-neuve-a-vendre-a-la-zone-touristique-mezraya-ref-v640-3/,Maison/Villa,Medenine,Djerba Houmt Souk,Djerba Houmt Souk,6100,1,496,15 mars 2024,1,1,,Oui,Oui,,,,,,Oui,,,,Oui,Oui
behya.tn,https://www.behya.tn/tunisie-annonces/belle-villa-tres-bien-situee-a-la-cite-olympique/,Maison/Villa,Tunis,,,N/A,1190000,624,26 février 2024,,1,3,Oui,Oui,,,,,,Oui,,,,,
behya.tn,https://www.behya.tn/tunisie-annonces/villa-s4-avec-piscine-a-la-soukra-mvv0279/,Maison/Villa,Ariana,La Soukra,La Soukra,ariana,2300000,,2 février 2024,4,1,,Oui,Oui,,,,Oui,Oui,,,,,,Oui
behya.tn,https://www.behya.tn/tunisie-annonces/villa-pres-de-la-plage-2/,Maison/Villa,Nabeul,kerkouane,kerkouane,8000,350000,426,25 janvier 2024,3,,,,,,,,,,,Bleu,,,,
behya.tn,https://www.behya.tn/tunisie-annonces/villa-s6-a-la-marsa-mvv0342/,Maison/Villa,Tunis,La Marsa,La Marsa,2070,1000000,,24 janvier 2024,6,1,,,Oui,Oui,,,,Oui,,,,,,Oui
behya.tn,https://www.behya.tn/tunisie-annonces/vente-projet-villa-neuve-avec-piscine-a-mezraya-ref-v658-2/,Maison/Villa,Medenine,Djerba Mezraya,Djerba Mezraya,6100,1,1365,23 janvier 2024,,1,,Oui,,,,,,,,,,,,Oui
behya.tn,https://www.behya.tn/tunisie-annonces/maison-a-vendre-17/,Maison/Villa,Nabeul,dar allouch,dar allouch,8000,170000,350,19 janvier 2024,3,,,,,Oui,,,,,,Bleu,,,Oui,
behya.tn,https://www.behya.tn/tunisie-annonces/villa-s5-avec-piscine-a-la-marsa-mvv0341/,Maison/Villa,Tunis,La Marsa,La Marsa,2070,2500000,,17 janvier 2024,5,1,,Oui,Oui,,,,Oui,Oui,,,,,,Oui
behya.tn,https://www.behya.tn/tunisie-annonces/villa-s3-a-la-soukra-mvv0328/,Maison/Villa,Ariana,La Soukra,La Soukra,ariana,850000,,17 janvier 2024,3,1,,Oui,Oui,,,,Oui,Oui,,,,,,
behya.tn,https://www.behya.tn/tunisie-annonces/vente-villa-haut-de-gamme-a-djerba-mezraya-ref-v630-2/,Maison/Villa,Medenine,Djerba Mezraya,Djerba Mezraya,6100,0,415,15 janvier 2024,2,1,3,Oui,,,,,Oui,,Oui,,,,,Oui
behya.tn,https://www.behya.tn/tunisie-annonces/villa-plain-pied-s4-a-la-soukra-mvv0241/,Maison/Villa,Ariana,La Soukra,La Soukra,ariana,1950000,,15 janvier 2024,4,1,Plain-pied,,Oui,,,,Oui,Oui,,,,,,
behya.tn,https://www.behya.tn/tunisie-annonces/vente-villa-haut-de-gamme-a-mezraya-ref-v621-3/,Maison/Villa,Medenine,Djerba Mezraya,Djerba Mezraya,6100,1,507,15 janvier 2024,1,1,,Oui,Oui,Oui,,,,,Oui,,,,,Oui
behya.tn,https://www.behya.tn/tunisie-annonces/maison-a-vendre-16/,Maison/Villa,Nabeul,el haouaria,el haouaria,8000,150000,300,7 janvier 2024,2,,,,,,,,,,,Bleu,,,Oui,
behya.tn,https://www.behya.tn/tunisie-annonces/a-vendre-en-zone-touristique-belle-villa-avec-piscine-privee-ref-v623-3/,Maison/Villa,Medenine,Djerba Zone Touristique,Djerba Zone Touristique,6100,0,628,6 janvier 2024,2,,,Oui,Oui,Oui,,,Oui,,,,,,,Oui
behya.tn,https://www.behya.tn/tunisie-annonces/deux-maisons-a-vendre/,Maison/Villa,Nabeul,dar allouch,dar allouch,8000,380000,229,6 janvier 2024,2,,,,,,,,,,,Bleu,,,,
behya.tn,https://www.behya.tn/tunisie-annonces/maison-s3-a-kelibia/,Maison/Villa,Nabeul,kélibia,kélibia,8090,160000,168,1 janvier 2024,3,,,,,,,,,,,Bleu,,,,
behya.tn,https://www.behya.tn/tunisie-annonces/villa-inachevee-a-ain-zaghouan-zvv0296/,Maison/Villa,Tunis,Ain Zaghouan Nord,Ain Zaghouan Nord,1000,980000,,28 décembre 2023,,1,,,Oui,Oui,,,,,,,,,,
behya.tn,https://www.behya.tn/tunisie-annonces/une-villa-s6-avec-piscine-a-gammarth-mvv0168/,Maison/Villa,Tunis,Gammarth,Gammarth,1000,3500000,,25 décembre 2023,6,1,,Oui,Oui,Oui,,,Oui,Oui,,,,,,
behya.tn,https://www.behya.tn/tunisie-annonces/villa-s4-avec-piscine-en-cours-de-finition-a-la-soukra-mvv0329/,Maison/Villa,Ariana,La Soukra,La Soukra,ariana,1450000,,25 décembre 2023,4,1,,Oui,Oui,,,,Oui,Oui,,,,,,Oui
behya.tn,https://www.behya.tn/tunisie-annonces/villa-s5-avec-piscine-a-la-marsa-zvv0202-2/,Maison/Villa,Tunis,La Marsa,La Marsa,2070,2200000,,25 décembre 2023,5,1,,Oui,Oui,Oui,,,Oui,Oui,,,,,,Oui
behya.tn,https://www.behya.tn/tunisie-annonces/villa-avec-piscine-a-la-soukra-mvv0338/,Maison/Villa,Ariana,La Soukra,La Soukra,ariana,2500000,,25 décembre 2023,5,1,Plain-pied,Oui,Oui,Oui,,,Oui,Oui,,,,,,
behya.tn,https://www.behya.tn/tunisie-annonces/villa-s5-avec-piscine-a-la-marsa-zvv0202/,Maison/Villa,Tunis,la marsa,la marsa,2070,2200000,,22 décembre 2023,5,1,,Oui,Oui,Oui,,,Oui,Oui,,,,,,Oui
behya.tn,https://www.behya.tn/tunisie-annonces/villa-s6-a-gammarth-mvv0168/,Maison/Villa,Tunis,gammarth,gammarth,1000,3500000,,18 décembre 2023,6,1,,Oui,Oui,Oui,,,Oui,Oui,,,,,,
behya.tn,https://www.behya.tn/tunisie-annonces/vente-projet-villa-neuve-avec-piscine-a-mezraya-ref-v658/,Maison/Villa,Medenine,Djerba MEZRAYA,Djerba MEZRAYA,6100,1,1365,14 décembre 2023,,1,,Oui,,,,,,,,,,,,Oui
behya.tn,https://www.behya.tn/tunisie-annonces/une-tres-belle-villa-a-djerba/,Maison/Villa,Medenine,Djerba,Djerba,6100,0,,12 décembre 2023,2,,,Oui,Oui,,,,,,,,,,,
behya.tn,https://www.behya.tn/tunisie-annonces/vente-villa-avec-piscine-a-mezraya-djerba-ref-v620-2/,Maison/Villa,Medenine,Djerba Houmt Souk,Djerba Houmt Souk,6100,0,185,11 décembre 2023,,,,Oui,,,,Oui,,,Oui,,,,,Oui
behya.tn,https://www.behya.tn/tunisie-annonces/duplex-s3-a-ain-zaghouan-mdv0137/,Maison/Villa,Tunis,ain zaghouan,ain zaghouan,1000,550000,,11 décembre 2023,3,1,,,Oui,,,,Oui,Oui,,,,,,Oui
behya.tn,https://www.behya.tn/tunisie-annonces/villa-a-vendre-a-djerba/,Maison/Villa,Medenine,Houmt Souk Djerba,Houmt Souk Djerba,6100,250000,,9 décembre 2023,3,1,,Oui,Oui,,,,,,,,,,Oui,
behya.tn,https://www.behya.tn/tunisie-annonces/villa-a-vendre-6/,Maison/Villa,Nabeul,dar allouch,dar allouch,8000,600000,500,8 décembre 2023,5,,1,,Oui,,,,,,,Bleu,,,Oui,
behya.tn,https://www.behya.tn/tunisie-annonces/maison-a-vendre-15/,Maison/Villa,Nabeul,dar allouche,dar allouche,8000,150000,250,8 décembre 2023,2,,,,,,,,,,,Bleu,,,Oui,
behya.tn,https://www.behya.tn/tunisie-annonces/villa-s4-a-gammarth-mvv0256/,Maison/Villa,Tunis,gammarth,gammarth,1000,2300000,,7 décembre 2023,4,1,,Oui,Oui,,,,Oui,Oui,,,,,,
behya.tn,https://www.behya.tn/tunisie-annonces/villa-avec-un-grand-jardin/,Maison/Villa,Nabeul,dar allouch,dar allouch,8000,550000,140,4 décembre 2023,2,,,,Oui,,,,,,,Bleu,,,Oui,
behya.tn,https://www.behya.tn/tunisie-annonces/maison-a-vendre-14/,Maison/Villa,Nabeul,el haouria,el haouria,8000,160000,524,2 décembre 2023,3,1,,,Oui,,,,,,,Bleu,,,,Oui
behya.tn,https://www.behya.tn/tunisie-annonces/villa-pres-de-la-plage/,Maison/Villa,Nabeul,dar allouch,dar allouch,8000,260000,350,2 décembre 2023,3,,,,,Oui,,,,,,Bleu,,,Oui,
behya.tn,https://www.behya.tn/tunisie-annonces/villa-s6-avec-piscine-a-la-soukra-mvv0332/,Maison/Villa,Ariana,la soukra,la soukra,ariana,2800000,,28 novembre 2023,6,1,,Oui,Oui,Oui,,,Oui,Oui,,,,,,
behya.tn,https://www.behya.tn/tunisie-annonces/maison-a-vendre-13/,Maison/Villa,Nabeul,dar allouch,dar allouch,8000,230000,216,28 novembre 2023,2,1,,,Oui,,,,,,,Bleu,,,Oui,Oui
behya.tn,https://www.behya.tn/tunisie-annonces/projet-de-villa-avec-piscine-a-houmt-souk-djerba-ref-p624/,Maison/Villa,Medenine,DJERBA HOUMT SOUK,DJERBA HOUMT SOUK,6100,0,175,28 novembre 2023,2,,,Oui,Oui,Oui,,,,,Oui,,,,,Oui
behya.tn,https://www.behya.tn/tunisie-annonces/maison-a-vendre-12/,Maison/Villa,Nabeul,el haouaria,el haouaria,8000,70000,500,28 novembre 2023,1,1,,,Oui,,,,,,,Bleu,,,Oui,Oui
behya.tn,https://www.behya.tn/tunisie-annonces/vente-villa-neuve-avec-piscine-a-houmt-souk-djerba-ref-v-628/,Maison/Villa,Medenine,Djerba Houmt Souk,Djerba Houmt Souk,6100,650000,408,22 novembre 2023,1,1,,Oui,Oui,Oui,,,Oui,,Oui,,,,,Oui
behya.tn,https://www.behya.tn/tunisie-annonces/a-vendre-en-zone-touristique-belle-villa-avec-piscine-privee-ref-v623-2/,Maison/Villa,Medenine,Djerba Zone Touristique,Djerba Zone Touristique,6100,990000,628,22 novembre 2023,2,,,Oui,Oui,Oui,,,Oui,,,,,,,Oui
behya.tn,https://www.behya.tn/tunisie-annonces/villa-neuve-a-vendre-a-la-zone-touristique-mezraya-ref-v640-2/,Maison/Villa,Medenine,DJERBA MEZRAYA,DJERBA MEZRAYA,6100,1,496,18 novembre 2023,1,1,,Oui,Oui,,,,,,Oui,,,,Oui,Oui
behya.tn,https://www.behya.tn/tunisie-annonces/villa-avec-piscine-a-vendre/,Maison/Villa,Nabeul,dar allouch,dar allouch,8000,400000,500,18 novembre 2023,3,,,Oui,Oui,,,,,,,Bleu,,,Oui,
behya.tn,https://www.behya.tn/tunisie-annonces/maison-a-vendre-11/,Maison/Villa,Nabeul,dar allouch,dar allouch,8000,370000,220,15 novembre 2023,2,1,,,,Oui,,,,,,Bleu,,,Oui,Oui
behya.tn,https://www.behya.tn/tunisie-annonces/maison-a-vendre-10/,Maison/Villa,Nabeul,dar allouche,dar allouche,8000,250000,210,15 novembre 2023,2,1,,,Oui,,,,,,,Bleu,,,Oui,Oui
behya.tn,https://www.behya.tn/tunisie-annonces/maison-a-vendre-9/,Maison/Villa,Nabeul,dar allouch,dar allouch,8000,190000,150,26 octobre 2023,2,1,,,,,,,,,,Bleu,,,Oui,Oui
behya.tn,https://www.behya.tn/tunisie-annonces/avendre-villa-hamemlif/,Maison/Villa,Ben Arous,Hamem LIF,Hamem LIF,2013,0,465,10 octobre 2023,5,,2,,Oui,,,,,Oui,,,,,,
behya.tn,https://www.behya.tn/tunisie-annonces/maison-arabe-a-vendre/,Maison/Villa,Nabeul,dar allouch,dar allouch,8000,90000,300,9 octobre 2023,2,,,,Oui,,,,,,,Bleu,,,,Oui
behya.tn,https://www.behya.tn/tunisie-annonces/maison-a-vendre-8/,Maison/Villa,Nabeul,dar allouche,dar allouche,8000,135000,250,6 octobre 2023,3,,,,,Oui,,,,,,Bleu,,,,
behya.tn,https://www.behya.tn/tunisie-annonces/villa-s6-avec-piscine-a-la-marsa-mvv0304/,Maison/Villa,Tunis,la marsa,la marsa,2070,2400000,,5 octobre 2023,6,1,,Oui,Oui,Oui,,,Oui,Oui,,,,,,Oui
behya.tn,https://www.behya.tn/tunisie-annonces/superbe-maison-a-vendre/,Maison/Villa,Nabeul,dar allouch,dar allouch,8000,120000,500,5 octobre 2023,3,1,,,Oui,,,,,,,Bleu,,,,Oui
behya.tn,https://www.behya.tn/tunisie-annonces/maison-a-vendre-7/,Maison/Villa,Nabeul,dar allouch,dar allouch,8000,0,180,4 septembre 2023,2,1,,,Oui,,,,,,,Bleu,,,Oui,Oui
behya.tn,https://www.behya.tn/tunisie-annonces/maison-inacheve-a-vendre-3/,Maison/Villa,Nabeul,dar allouch,dar allouch,8000,160000,330,4 septembre 2023,2,,,,,,,,,,,Bleu,,,,
behya.tn,https://www.behya.tn/tunisie-annonces/maison-a-vendre-6/,Maison/Villa,Nabeul,dar allouch,dar allouch,8000,142000,350,4 septembre 2023,2,,,,,,,,,,,Bleu,,,Oui,
behya.tn,https://www.behya.tn/tunisie-annonces/villa-a-vendre-4/,Maison/Villa,Nabeul,rue de liberté,rue de liberté,8000,0,519,30 août 2023,3,1,,,Oui,Oui,,,,,,Bleu,,,,Oui
behya.tn,https://www.behya.tn/tunisie-annonces/maison-inacheve-a-vendre-2/,Maison/Villa,Nabeul,el haouaria,el haouaria,8000,72000,140,30 août 2023,2,,,,Oui,Oui,,,,,,Bleu,,,Oui,
behya.tn,https://www.behya.tn/tunisie-annonces/maison-a-vendre-5/,Maison/Villa,Nabeul,rue de liberté,rue de liberté,8000,105000,326,30 août 2023,3,1,,,,Oui,,,,,,Bleu,,,,Oui
behya.tn,https://www.behya.tn/tunisie-annonces/maison-inacheve-a-vendre/,Maison/Villa,Nabeul,dar allouch,dar allouch,8000,130000,1080,30 août 2023,2,,,,,,,,,,,Bleu,,,,
behya.tn,https://www.behya.tn/tunisie-annonces/villa-a-vendre-3/,Maison/Villa,Nabeul,rue de liberté,rue de liberté,8000,300000,260,27 août 2023,2,1,,,Oui,Oui,,,,,,Bleu,,,Oui,
behya.tn,https://www.behya.tn/tunisie-annonces/maison-a-vendre-3/,Maison/Villa,Nabeul,rue de liberté,rue de liberté,8000,0,500,27 août 2023,2,1,,,Oui,Oui,,Oui,,,,,,,,Oui
behya.tn,https://www.behya.tn/tunisie-annonces/maison-a-vendre-2/,Maison/Villa,Sidi Bouzid,rue de liberté,rue de liberté,8000,143000,100,27 août 2023,2,1,,,,,,,,,,Bleu,,,,Oui
behya.tn,https://www.behya.tn/tunisie-annonces/maison-avec-2-garages-a-vendre/,Maison/Villa,Nabeul,rue de liberté,rue de liberté,8000,180000,150,27 août 2023,2,,,,,Oui,,,,,,Bleu,,,,
behya.tn,https://www.behya.tn/tunisie-annonces/av-belle-villa-de-500mpiscine-a-hammamet-sud/,Maison/Villa,Nabeul,Hammamet sud,Hammamet sud,8000,420000,,23 août 2023,2,,,Oui,Oui,,,,,,,,,,,
behya.tn,https://www.behya.tn/tunisie-annonces/av-villa-650m-avec-piscine-a-hammamet-sud/,Maison/Villa,Nabeul,Hammamet sud,Hammamet sud,8000,450000,,22 août 2023,2,,,Oui,Oui,,,,,,,,,,,
behya.tn,https://www.behya.tn/tunisie-annonces/villa-neuve-a-vendre-a-la-zone-touristique-mezraya-ref-v640/,Maison/Villa,Medenine,Houmt Souk,Houmt Souk,6116,920000,496,22 juin 2023,1,1,,Oui,Oui,,,,,,Oui,,,,Oui,Oui
behya.tn,https://www.behya.tn/tunisie-annonces/villa-haut-standing-sur-deux-etages-separes-superette/,Maison/Villa,Ben Arous,nouvelle madina,nouvelle madina,2013,750000,330,7 juin 2023,2,,,,,,,,,,,,,Haut,,
behya.tn,https://www.behya.tn/tunisie-annonces/vente-villa-haut-de-gamme-a-mezraya-ref-v621-2/,Maison/Villa,Medenine,Mezraya,Mezraya,6100,1,507,7 juin 2023,1,1,,Oui,Oui,Oui,,,,,Oui,,,,,Oui
behya.tn,https://www.behya.tn/tunisie-annonces/vente-villa-haut-de-gamme-a-djerba-mezraya-ref-v630/,Maison/Villa,Medenine,,,N/A,1200000,415,19 avril 2023,2,1,3,Oui,,,,,Oui,,Oui,,,,,Oui
behya.tn,https://www.behya.tn/tunisie-annonces/a-vendre-en-zone-touristique-belle-villa-avec-piscine-privee-ref-v623/,Maison/Villa,Medenine,,,N/A,990000,628,15 mars 2023,2,,,Oui,Oui,Oui,,,Oui,,,,,,,Oui
behya.tn,https://www.behya.tn/tunisie-annonces/vente-villa-haut-de-gamme-a-mezraya-ref-v621/,Maison/Villa,Medenine,,,N/A,1,507,7 février 2023,1,1,,Oui,Oui,Oui,,,,,Oui,,,,,Oui
behya.tn,https://www.behya.tn/tunisie-annonces/vente-villa-avec-piscine-a-mezraya-djerba-ref-v620/,Maison/Villa,Medenine,,,N/A,750000,185,7 février 2023,,,,Oui,,,,Oui,,,Oui,,,,,Oui
behya.tn,https://www.behya.tn/tunisie-annonces/vendre-villa-inachevee-en-tunis-nabeul-mrazga/,Maison/Villa,Nabeul,,,N/A,382,230,19 janvier 2023,,,,,,Oui,,,,,,,,,,
behya.tn,https://www.behya.tn/tunisie-annonces/spacieuse-villa-bonne-ocasion/,Maison/Villa,Ben Arous,25 Rue Avicenne Khledia,25 Rue Avicenne Khledia,2013,250000,545,26 novembre 2022,2,4,,,,,Oui,,,Oui,,,Rénové,,,
behya.tn,https://www.behya.tn/tunisie-annonces/projet-de-villa-avec-piscine-a-z-u-houmt-souk-djerba-ref-p596/,Maison/Villa,Medenine,Houmt Souk Djerba,Houmt Souk Djerba,6100,0,197,16 novembre 2022,,1,,Oui,,,,Oui,,,,,,,,Oui
behya.tn,https://www.behya.tn/tunisie-annonces/une-grande-villa/,Maison/Villa,Nabeul,dar alouch kélibia,dar alouch kélibia,8000,0,12000,8 novembre 2022,1,1,,Oui,Oui,,Oui,,,,,,,Haut,,Oui
behya.tn,https://www.behya.tn/tunisie-annonces/villa-a-sfax/,Maison/Villa,Sfax,Route Soukra km4 sfax,Route Soukra km4 sfax,3000,0,370,19 octobre 2022,,,,,Oui,Oui,,,,,,,,,,
behya.tn,https://www.behya.tn/tunisie-annonces/a-vendre-maison-style-duplex-au-cite-ibn-khaldoun-6-a-deux-pas-del-manar1-et-du-complexe-universitaire/,Maison/Villa,Tunis,cite ibn khaldoun 6,cite ibn khaldoun 6,1000,340000,220,8 octobre 2022,5,2,,,Oui,,,,,,,,,,,
behya.tn,https://www.behya.tn/tunisie-annonces/villa/,Maison/Villa,Manouba,cité ben yedder,cité ben yedder,2010,570000,,3 octobre 2022,,,,,,,,,,,,,,,,Oui
behya.tn,https://www.behya.tn/tunisie-annonces/projet-de-maison-dhotes-a-vendre-a-mezraya-djerba-ref-p601/,Maison/Villa,Medenine,MEZRAYA DJERBA,MEZRAYA DJERBA,6100,0,1338,1 octobre 2022,1,1,,Oui,Oui,,,,,,Oui,,,,,Oui
behya.tn,https://www.behya.tn/tunisie-annonces/villa-elhaouaria-plage/,Maison/Villa,Nabeul,Elhaouaria nabeul,Elhaouaria nabeul,8000,240000,300,20 août 2022,,,,,,,,,,,,,,,,
behya.tn,https://www.behya.tn/tunisie-annonces/une-maison-s3-avec-garage-a-vendre-a-hammamet-sud-51355351/,Maison/Villa,Nabeul,Hammamet centre ville,Hammamet centre ville,8000,115000,200,8 août 2022,3,,,,,Oui,,,,,,,,,,
behya.tn,https://www.behya.tn/tunisie-annonces/une-villa-toute-neuve-a-vendre-a-nabeul-51355351/,Maison/Villa,Nabeul,Hammamet centre ville,Hammamet centre ville,8000,425000,200,6 août 2022,2,1,,,Oui,Oui,,,,,,,,,,Oui
behya.tn,https://www.behya.tn/tunisie-annonces/une-villa-a-vendre-a-hammamet-sud-51355351/,Maison/Villa,Nabeul,Hammamet centre ville,Hammamet centre ville,8000,630000,1000,5 août 2022,6,,,Oui,Oui,,Oui,,,,,Bleu,,,,
behya.tn,https://www.behya.tn/tunisie-annonces/maison-s2-a-vendre-au-kram/,Maison/Villa,Tunis,10 rue ghaza le kram,10 rue ghaza le kram,1000,210000,60,27 juillet 2022,2,1,,,,,,,,,,,,,,Oui
behya.tn,https://www.behya.tn/tunisie-annonces/une-charmante-villa-avec-piscine-a-jinen-el-hammamet-a-vendre-51355351/,Maison/Villa,Nabeul,Hammamet centre ville,Hammamet centre ville,8000,985000,750,23 juillet 2022,4,1,2,Oui,Oui,,,,Oui,Oui,,,,,,
behya.tn,https://www.behya.tn/tunisie-annonces/une-coquette-villa-a-vendre-a-afh-mrezga-51355351/,Maison/Villa,Nabeul,Hammamet centre ville,Hammamet centre ville,8000,455000,130,9 juillet 2022,1,1,2,,Oui,,Oui,Oui,,,,,,,,
behya.tn,https://www.behya.tn/tunisie-annonces/belle-villa-avec-jardin-a-vendre-a-hammamet-51355351/,Maison/Villa,Nabeul,Hammamet centre ville,Hammamet centre ville,8000,1200000,798,9 juillet 2022,3,,,,Oui,,,,Oui,Oui,,,,Haut,,
behya.tn,https://www.behya.tn/tunisie-annonces/villa-de-charme-toute-neuve-a-vendre-a-690-md-51355351/,Maison/Villa,Nabeul,Hammamet centre ville,Hammamet centre ville,8000,690000,261,6 juillet 2022,5,5,2,Oui,Oui,,,,,,,,,Haut,Oui,Oui
behya.tn,https://www.behya.tn/tunisie-annonces/__trashed-3/,Maison/Villa,Nabeul,Hammamet centre ville,Hammamet centre ville,8000,450000,730,26 juin 2022,,,,Oui,Oui,,,,,,,,,,,
behya.tn,https://www.behya.tn/tunisie-annonces/coquette-villa-toute-neuve-a-vendre-a-hammamet-51355351/,Maison/Villa,Nabeul,Hammamet centre ville,Hammamet centre ville,8000,365000,,19 juin 2022,2,1,2,,,,,,,,,Bleu,,,Oui,Oui
behya.tn,https://www.behya.tn/tunisie-annonces/belle-villa-a-vendre-a-hammamet-a-580-md-51355351/,Maison/Villa,Nabeul,Hammamet centre ville,Hammamet centre ville,8000,580000,540,19 juin 2022,4,,,,Oui,,,,,,,,,,,
behya.tn,https://www.behya.tn/tunisie-annonces/un-duplex-avec-piscine-a-vendre-a-yasmine-hammamet-51355351/,Maison/Villa,Nabeul,Yasmine Hammamet,Yasmine Hammamet,8000,675000,214,19 juin 2022,,,,Oui,,,,,,,,,,,,
behya.tn,https://www.behya.tn/tunisie-annonces/belle-maison-inachevee-a-vendre-a-hammamet-nord-51355351/,Maison/Villa,Nabeul,Hammamet Nord,Hammamet Nord,8000,160000,100,19 juin 2022,,,,,,,,,,,,,,,,
behya.tn,https://www.behya.tn/tunisie-annonces/belle-et-luxueuse-villa-a-vendre-a-mrezga-51355351/,Maison/Villa,Nabeul,Mrezga,Mrezga,8000,1100000,360,19 juin 2022,,,,,Oui,,,,,,,,,,,
behya.tn,https://www.behya.tn/tunisie-annonces/maison-dhotes-a-vendre-a-1400-md-a-hammamet-zone-sindbad-51355351/,Maison/Villa,Nabeul,Hammamet centre ville,Hammamet centre ville,8000,1400000,534,19 juin 2022,,,3,Oui,Oui,,Oui,,,,,,,,,
behya.tn,https://www.behya.tn/tunisie-annonces/un-duplex-avec-jardin-a-vendre-a-la-zone-touristique-mrezga-51355351/,Maison/Villa,Nabeul,Mrezga,Mrezga,8000,450000,200,19 juin 2022,2,,,,Oui,,,,,,,,,,,
behya.tn,https://www.behya.tn/tunisie-annonces/villa-a-yasmine-hammamet/,Maison/Villa,Nabeul,yasmine hammamet,yasmine hammamet,8000,890000,350,16 juin 2022,2,1,,Oui,Oui,,,,,,,,,,,Oui
behya.tn,https://www.behya.tn/tunisie-annonces/a-vendre-maison-avec-jardin-dans-la-compagne/,Maison/Villa,Nabeul,hammamet sud,hammamet sud,8000,420000,1500,11 mai 2022,2,1,,,Oui,,Oui,,,,,,,,,
behya.tn,https://www.behya.tn/tunisie-annonces/maison-a-vendre-a-hammamet-nord-2/,Maison/Villa,Nabeul,HAMMAMET NORD,HAMMAMET NORD,8000,360000,240,6 mai 2022,0,,,,Oui,Oui,,,,,,,,,,
behya.tn,https://www.behya.tn/tunisie-annonces/villa-a-vendre-a-hammamet-yasmine/,Maison/Villa,Nabeul,hammamet yasmine,hammamet yasmine,8000,780000,,5 mai 2022,6,1,,Oui,Oui,,Oui,,Oui,,Oui,,,,Oui,Oui
behya.tn,https://www.behya.tn/tunisie-annonces/maison-a-vendre-en-bon-etat-a-hammamet-yasmine/,Maison/Villa,Nabeul,Hammamet,Hammamet,8050,370000,500,1 mai 2022,2,1,,,Oui,,,,,,,,,,,Oui
behya.tn,https://www.behya.tn/tunisie-annonces/maison-a-vendre-avec-garage-a-besbassia-hammamet-sud/,Maison/Villa,Nabeul,Hammamet,Hammamet,8050,210000,249,27 avril 2022,3,1,,,Oui,Oui,,,,,,,,,,
behya.tn,https://www.behya.tn/tunisie-annonces/met-a-vendre-une-villa-a-khezama-est/,Maison/Villa,Sousse,Rue,Rue,4000,710000,541,24 avril 2022,3,1,,,Oui,,,,,,,,,,,
behya.tn,https://www.behya.tn/tunisie-annonces/villa-a-vendre-a-msaken/,Maison/Villa,Sousse,Boulevard DR Taieb Hachicha M'Saken,Boulevard DR Taieb Hachicha M'Saken,4000,1100000,,18 avril 2022,,,,,,Oui,,,,,,,,,,Oui
behya.tn,https://www.behya.tn/tunisie-annonces/maison-a-vendre-a-zaghouan/,Maison/Villa,Zaghouan,zaghouan,zaghouan,1100,330000,240,18 avril 2022,6,,2,,,,,,,,,,,,,
behya.tn,https://www.behya.tn/tunisie-annonces/maison-a-vendre-a-hammamet-sidi-jedidi/,Maison/Villa,Nabeul,Hammamet sidi jedidi,Hammamet sidi jedidi,8000,250000,350,13 avril 2022,2,1,,,Oui,,Oui,,,,,,,,,
behya.tn,https://www.behya.tn/tunisie-annonces/etage-dune-maison-a-vendre-a-barreket-essahel/,Maison/Villa,Nabeul,Hammamet,Hammamet,8050,300000,224,6 avril 2022,2,,3,,,,,,,,,,,,,
behya.tn,https://www.behya.tn/tunisie-annonces/villa-haut-standing-a-vendre-a-sidi-hamed/,Maison/Villa,Nabeul,HAMMAMET,HAMMAMET,8050,785000,583,21 mars 2022,1,1,,Oui,Oui,Oui,,,Oui,Oui,Oui,,,Haut,,Oui
behya.tn,https://www.behya.tn/tunisie-annonces/maison-a-vendre-de-barket-eshel/,Maison/Villa,Nabeul,BARRKET ESEHEL,BARRKET ESEHEL,8000,290000,130,11 mars 2022,2,1,,,,,,,,,,,,,,Oui
behya.tn,https://www.behya.tn/tunisie-annonces/maison-a-vendre-a-hammamet-nord/,Maison/Villa,Nabeul,Hammamet,Hammamet,8050,360000,240,5 mars 2022,0,,,,Oui,Oui,,,,,,,,,,
behya.tn,https://www.behya.tn/tunisie-annonces/a-vendre-une-villa-a-djerba-homet-souk-souani-deux/,Maison/Villa,Medenine,djerba houmet souk,djerba houmet souk,6100,0,155,12 novembre 2021,3,1,,,,Oui,,,,,,Bleu,,,,Oui
behya.tn,https://www.behya.tn/tunisie-annonces/une-merveilleuse-villa-en-plein-centre-ville-djerba-midoun/,Maison/Villa,Medenine,djerba midoun,djerba midoun,6115,0,220,12 novembre 2021,2,1,,,,,,,,,,,,Haut,,
behya.tn,https://www.behya.tn/tunisie-annonces/villa-a535/,Maison/Villa,Nabeul,Hammamet,Hammamet,8050,950000,350,22 octobre 2021,4,1,,Oui,Oui,,,Oui,Oui,Oui,Oui,,,Haut,,
behya.tn,https://www.behya.tn/tunisie-annonces/villa-a552/,Maison/Villa,Nabeul,Hammamet,Hammamet,8050,700000,300,22 octobre 2021,4,1,,Oui,Oui,,,,Oui,Oui,Oui,,,Haut,,Oui
behya.tn,https://www.behya.tn/tunisie-annonces/vente-maison/,Maison/Villa,Tunis,rue el mahrouk,rue el mahrouk,1000,300,161,20 octobre 2021,,,,,,,,,,,,,,,,Oui
behya.tn,https://www.behya.tn/tunisie-annonces/villa-a-vendre-2/,Maison/Villa,Nabeul,mrezga Hammamet,mrezga Hammamet,8000,400000,259,12 octobre 2021,7,1,,,Oui,,,,,,,,,,,Oui
behya.tn,https://www.behya.tn/tunisie-annonces/etage-de-villa-alouer-pour-etudiants/,Maison/Villa,Ben Arous,Hamma lif,Hamma lif,2013,600,,8 octobre 2021,2,,,,,,,,,,,,,,Oui,
behya.tn,https://www.behya.tn/tunisie-annonces/villa-de-haut-standing-a-hammamet/,Maison/Villa,Nabeul,Hammamet centre,Hammamet centre,8000,850000,380,8 octobre 2021,4,,,Oui,Oui,,,,,,,,,Haut,,
behya.tn,https://www.behya.tn/tunisie-annonces/maison-situe-a-sidi-jedidi-avec-11-oliviers/,Maison/Villa,Nabeul,Hammamet sud,Hammamet sud,8000,220000,120,6 octobre 2021,,,,,,,,,,,,,,,,
behya.tn,https://www.behya.tn/tunisie-annonces/maison-a-vendre-a-renover-en-plein-centre-ville-hammamet/,Maison/Villa,Nabeul,hammamet centre,hammamet centre,8000,410000,228,4 octobre 2021,2,,,,,,,,,,,,,,,
behya.tn,https://www.behya.tn/tunisie-annonces/villa-a-vendre-a-sidi-hammed-de-hammamet-sud/,Maison/Villa,Nabeul,hammamet sud,hammamet sud,8000,200000,600,30 septembre 2021,3,1,,,,,,,,,,,,,,
behya.tn,https://www.behya.tn/tunisie-annonces/une-maison-a-yasmine-hammamet-bir-bouita-se-compose-de-3-pieces/,Maison/Villa,Nabeul,hammamet sud,hammamet sud,8000,410000,50,24 septembre 2021,1,,,,,Oui,,,,,,,,,,
behya.tn,https://www.behya.tn/tunisie-annonces/maison-situee-a-hammamet-centre/,Maison/Villa,Nabeul,hammamet centre,hammamet centre,8000,320000,175,18 septembre 2021,3,,,,Oui,,,,,,,,,,,
behya.tn,https://www.behya.tn/tunisie-annonces/maison-a-manaret-el-hammamet-pres-de-toutes-commodite/,Maison/Villa,Nabeul,Manaret el hammamet,Manaret el hammamet,8000,240000,250,16 septembre 2021,2,,,,,Oui,,,,,,,,,,
behya.tn,https://www.behya.tn/tunisie-annonces/maison-sur-la-route-principale-0-hammamet-yasmine/,Maison/Villa,Nabeul,hammamet yasmine à 500 mètre de la route principale,hammamet yasmine à 500 mètre de la route principale,8000,410000,300,15 septembre 2021,2,,,,,,,,,,,,,,,
behya.tn,https://www.behya.tn/tunisie-annonces/duplex/,Maison/Villa,Nabeul,Kelibia,Kelibia,8090,0,130,6 septembre 2021,3,,216,,Oui,,Oui,,,,,,,,Oui,Oui
behya.tn,https://www.behya.tn/tunisie-annonces/villa-a-vendre/,Maison/Villa,Nabeul,dar alouche,dar alouche,8000,580000,,18 août 2021,,,,,,Oui,,,,,,,,Haut,Oui,
behya.tn,https://www.behya.tn/tunisie-annonces/maison-traditionnelle-situee-en-plein-coeur-de-kelibia/,Maison/Villa,Nabeul,kélébia,kélébia,8000,320000,,17 août 2021,3,1,21629707152,,,,,,Oui,,,,Rénové,,,Oui
behya.tn,https://www.behya.tn/tunisie-annonces/villa-au-bord-de-la-plage-dar-alouch-220m2-ref-v63/,Maison/Villa,Nabeul,plage dar alouch,plage dar alouch,8000,320000,220,13 août 2021,2,1,,,Oui,,,,,,,Bleu,,,Oui,Oui
behya.tn,https://www.behya.tn/tunisie-annonces/une-maison-style-arabesque-a-yasmine-hammamet/,Maison/Villa,Nabeul,hammamet sud,hammamet sud,8000,65000,500,8 août 2021,2,,,Oui,Oui,Oui,,,,,,,,,,
behya.tn,https://www.behya.tn/tunisie-annonces/maison-a-vendre-a-hammamet/,Maison/Villa,Nabeul,Hammamet sud,Hammamet sud,8000,250000,260,8 août 2021,3,,,,,,,,,,,,,,Oui,
behya.tn,https://www.behya.tn/tunisie-annonces/maison-haut-standing-tres-style-hammamet/,Maison/Villa,Nabeul,Hammamet,Hammamet,8050,420000,,5 août 2021,3,,,,,,,,Oui,Oui,,,,Haut,,
behya.tn,https://www.behya.tn/tunisie-annonces/a-vendre-villa-a-mrezga-hammamet/,Maison/Villa,Nabeul,HAMMAMET,HAMMAMET,8050,0,240,27 juillet 2021,,,,,,,,,,,,,,,,