behya.tn,https://www.behya.tn/tunisie-annonces/terrain-17/,Terrain,Ben Arous,megrine,megrine,2033,550,340,20 mars 2026,,,,Oui,,23,,,,
behya.tn,https://www.behya.tn/tunisie-annonces/terrain-16/,Terrain,Ben Arous,megrine,megrine,2033,550000,340,13 mars 2026,,,,Oui,,23,,,,
behya.tn,https://www.behya.tn/tunisie-annonces/vente-terrain-3/,Terrain,Ben Arous,megrine,megrine,2033,550,340,9 mars 2026,,,,Oui,,23,,,,
behya.tn,https://www.behya.tn/tunisie-annonces/vente-terrain-a-megrine/,Terrain,Ben Arous,megrine,megrine,2033,550,340,6 mars 2026,,,,Oui,,23,,,,
behya.tn,https://www.behya.tn/tunisie-annonces/terrain-agricole-a-vendre-5/,Terrain,Nabeul,dar allouch,dar allouch,8000,210000,8000,27 février 2026,Bleu,,,,,,,Oui,Oui,Agricole
behya.tn,https://www.behya.tn/tunisie-annonces/terrain-pres-de-la-mer-7/,Terrain,Nabeul,dar allouch,dar allouch,8000,320,298,27 février 2026,Bleu,Oui,,,,,,Oui,Oui,
behya.tn,https://www.behya.tn/tunisie-annonces/lot-de-terrain-pres-de-la-mer/,Terrain,Nabeul,kerkouane,kerkouane,8000,650,500,27 février 2026,Bleu,Oui,,Oui,,,,Oui,Oui,
behya.tn,https://www.behya.tn/tunisie-annonces/terrain-a-vendre-a-kelibia/,Terrain,Nabeul,kélibia,kélibia,8090,200000,3081,27 février 2026,Bleu,,,,,,,Oui,Oui,
behya.tn,https://www.behya.tn/tunisie-annonces/terrain-pres-de-la-route-principal/,Terrain,Nabeul,dar allouche,dar allouche,8000,120000,5500,27 février 2026,Bleu,,,Oui,,,,Oui,Oui,Agricole
behya.tn,https://www.behya.tn/tunisie-annonces/terrain-a-vendre-pres-de-la-mer-2/,Terrain,Nabeul,el haouaria,el haouaria,8000,150000,1500,27 février 2026,Bleu,Oui,,,,,,,,
behya.tn,https://www.behya.tn/tunisie-annonces/terrain-a-vendre-pres-de-la-mer/,Terrain,Nabeul,el haouaria,el haouaria,8000,160000,10000,27 février 2026,Bleu,Oui,,,,,,,,Agricole
behya.tn,https://www.behya.tn/tunisie-annonces/terrain-pres-de-la-mer-4/,Terrain,Nabeul,el haouaria,el haouaria,8000,150000,10000,27 février 2026,Bleu,Oui,,Oui,,,,,,Agricole
behya.tn,https://www.behya.tn/tunisie-annonces/terrain-pres-de-la-mer-a-vendre/,Terrain,Nabeul,el haouaria,el haouaria,8000,150000,1600,27 février 2026,Bleu,Oui,,Oui,,,,Oui,Oui,Touristique
behya.tn,https://www.behya.tn/tunisie-annonces/terrain-sur-la-route-principal/,Terrain,Nabeul,azmour,azmour,8000,85000,1000,27 février 2026,Bleu,,,Oui,,,,,,
behya.tn,https://www.behya.tn/tunisie-annonces/vente-terrain/,Terrain,Ben Arous,megrine,megrine,2033,550000,340,25 février 2026,,,,Oui,,23,,,,
behya.tn,https://www.behya.tn/tunisie-annonces/terrain-a-vendre-30/,Terrain,Ben Arous,mehrine,mehrine,2013,550000,340,20 février 2026,,,,Oui,,23,,,,
behya.tn,https://www.behya.tn/tunisie-annonces/terrain-15/,Terrain,Ben Arous,megrine,megrine,2033,945000,630,27 janvier 2026,,,,Oui,,,,,,Résidentielle
behya.tn,https://www.behya.tn/tunisie-annonces/terrain-agricole-a-vendre-13/,Terrain,Manouba,tunis,tunis,1000,200,,19 janvier 2026,,,,,,,,,,Agricole
behya.tn,https://www.behya.tn/tunisie-annonces/terrain-a-700-m-de-la-mer/,Terrain,Nabeul,Hamam Jebli,Hamam Jebli,8000,80000,320,8 décembre 2025,,Oui,,Oui,,20,,,,
behya.tn,https://www.behya.tn/tunisie-annonces/terrain-agricole-a-vendre-12/,Terrain,Manouba,mornaguia,mornaguia,2010,1,,3 décembre 2025,,,,,,,,,,Agricole
behya.tn,https://www.behya.tn/tunisie-annonces/ferme-11-hectares-a-vendre-a-sbiba/,Terrain,Kasserine,Sbiba,Sbiba,8500,1700000,110000,27 novembre 2025,,,,Oui,,,,,,
behya.tn,https://www.behya.tn/tunisie-annonces/terrain-agricole-a-vendre-10/,Terrain,Manouba,Chawat Manouba,Chawat Manouba,2010,0,,26 octobre 2025,,,,,,,,,,Agricole
behya.tn,https://www.behya.tn/tunisie-annonces/terrain-a-vendre-plage-tazarka/,Terrain,Nabeul,TAZARKA,TAZARKA,8000,380000,1266,15 octobre 2025,,,,Oui,,,,,,Résidentielle
behya.tn,https://www.behya.tn/tunisie-annonces/terrain-titre-bleu-a-ouardanine-2-lots-de-3500-m%c2%b2-et-4550-m%c2%b2-2-entrees-a-7-min-de-la-plage-et-10-min-de-laeroport-de-monastir/,Terrain,Monastir,Route de sousse,Route de sousse,5000,150,3500,9 octobre 2025,Bleu,,,Oui,,,,,,Résidentielle
behya.tn,https://www.behya.tn/tunisie-annonces/terrain-a-vendre-a-sidi-jmour-djerba-za/,Terrain,Medenine,Djerba,Djerba,6100,350000,10000,30 septembre 2025,,Oui,,Oui,,,,,,Touristique
behya.tn,https://www.behya.tn/tunisie-annonces/terrain-habitation/,Terrain,Ariana,Raoued,Raoued,2056,225000,266,21 septembre 2025,,,,Oui,,,,,,Résidentielle
behya.tn,https://www.behya.tn/tunisie-annonces/a-vendre-terrain-a-gammarth-superieur/,Terrain,Tunis,Gammarth,Gammarth,1000,1350000,500,20 août 2025,,,,,,,,,,
behya.tn,https://www.behya.tn/tunisie-annonces/terrain-14/,Terrain,Ben Arous,megrine,megrine,2033,420,,7 août 2025,,,,,,,,,,
behya.tn,https://www.behya.tn/tunisie-annonces/a-vendre-terrain-agricole-3-hectares/,Terrain,Nabeul,Somâa,Somâa,8000,1200000,30000,28 juillet 2025,Bleu,,,Oui,,,,Oui,Oui,Agricole
behya.tn,https://www.behya.tn/tunisie-annonces/a-vendre-terrain-a-tozeur-avec-titre-blue/,Terrain,Tozeur,cite de route degueshe,cite de route degueshe,2200,250000,,16 juin 2025,,,,Oui,,,,,,Agricole
behya.tn,https://www.behya.tn/tunisie-annonces/terrain-a-vendre-29/,Terrain,Nabeul,dar allouch,dar allouch,8000,160000,500,24 avril 2025,Bleu,,,Oui,,,,Oui,Oui,
behya.tn,https://www.behya.tn/tunisie-annonces/terrain-agricole-a-vendre-9/,Terrain,Nabeul,dar allouch,dar allouch,8000,200000,8500,21 avril 2025,Bleu,,,,,,,Oui,Oui,Agricole
behya.tn,https://www.behya.tn/tunisie-annonces/terrain-a-chotrana-3-la-soukra-ztv0137/,Terrain,Tunis,la marsa,la marsa,2070,950,826,14 avril 2025,,,,Oui,,,,,,Résidentielle
behya.tn,https://www.behya.tn/tunisie-annonces/terrain-a-chotrana-2-la-soukra-mtv0145/,Terrain,Tunis,la marsa,la marsa,2070,1000,300,14 avril 2025,,,,Oui,,,,,,Résidentielle
behya.tn,https://www.behya.tn/tunisie-annonces/terrain-agricole-pres-de-la-mer/,Terrain,Nabeul,dar allouch,dar allouch,8000,32500,30000,27 février 2025,Bleu,Oui,,,,,,Oui,Oui,Agricole
behya.tn,https://www.behya.tn/tunisie-annonces/terrain-pres-de-la-mer-6/,Terrain,Nabeul,dar allouch,dar allouch,8000,150000,750,27 février 2025,Bleu,Oui,,Oui,,,,Oui,Oui,
behya.tn,https://www.behya.tn/tunisie-annonces/terrain-pres-de-la-mer-5/,Terrain,Nabeul,dar allouche,dar allouche,8000,220,220,27 février 2025,Bleu,Oui,,Oui,,,,Oui,Oui,
behya.tn,https://www.behya.tn/tunisie-annonces/terrain-agricole-a-vendre-3/,Terrain,Nabeul,dar allouch,dar allouch,8000,65000,3000,27 février 2025,Bleu,,,,,,,,,Agricole
behya.tn,https://www.behya.tn/tunisie-annonces/terrain-a-vendre-28/,Terrain,Nabeul,menzel salem,menzel salem,8000,80000,,27 février 2025,Bleu,,,,,,,Oui,Oui,
behya.tn,https://www.behya.tn/tunisie-annonces/terrain-agricole-a-vendre-4/,Terrain,Nabeul,el haouaria,el haouaria,8000,450000,20000,27 février 2025,Bleu,,,,,,,Oui,,Agricole
behya.tn,https://www.behya.tn/tunisie-annonces/terrain-a-vendre-a-la-nouvelle-soukra-mtv0130/,Terrain,Ariana,la soukra,la soukra,ariana,1400,400,13 décembre 2024,,,,Oui,,,,,,Résidentielle
behya.tn,https://www.behya.tn/tunisie-annonces/terrain-a-vendre-a-la-soukra-mtv0140/,Terrain,Ariana,la soukra,la soukra,ariana,1,720,11 décembre 2024,,,,Oui,,,,,,Résidentielle
behya.tn,https://www.behya.tn/tunisie-annonces/terrain-a-vendre-a-chotrana-2-la-soukra-mtv0141-2/,Terrain,Ariana,chotrana,chotrana,ariana,1,632,11 décembre 2024,,,,Oui,,,,,,Résidentielle
behya.tn,https://www.behya.tn/tunisie-annonces/terrain-a-vendre-a-la-soukra-ztv0132/,Terrain,Ariana,la soukra,la soukra,ariana,1,546,11 décembre 2024,,,,Oui,,,,,,Résidentielle
behya.tn,https://www.behya.tn/tunisie-annonces/terrain-a-vendre-a-chotrana-2-la-soukra-mtv0141/,Terrain,Ariana,la soukra,la soukra,ariana,1,632,11 décembre 2024,,,,Oui,,,,,,Résidentielle
behya.tn,https://www.behya.tn/tunisie-annonces/terrain-a-vendre-a-la-soukra-mtv0139/,Terrain,Ariana,la soukra,la soukra,ariana,1,355,11 décembre 2024,,,,Oui,,,,,,Résidentielle
behya.tn,https://www.behya.tn/tunisie-annonces/terrain-a-vendre-a-la-soukra-mtv0138/,Terrain,Ariana,la soukra,la soukra,ariana,1,354,11 décembre 2024,,,,Oui,,,,,,Résidentielle
behya.tn,https://www.behya.tn/tunisie-annonces/ferme-agricole/,Terrain,Sidi Bouzid,Délégation de mezzouna,Délégation de mezzouna,9100,0,800000,18 octobre 2024,,,,,,,,,Oui,Agricole
behya.tn,https://www.behya.tn/tunisie-annonces/terrain-a-gammarth-mtv0129/,Terrain,Tunis,gammarth,gammarth,1000,1400000,567,5 septembre 2024,,,,Oui,,,,,,Résidentielle
behya.tn,https://www.behya.tn/tunisie-annonces/terrain-a-vendre-a-gammarth-ztv0116/,Terrain,Tunis,gammarth,gammarth,1000,1600000,520,3 septembre 2024,,,,Oui,,,,,,
behya.tn,https://www.behya.tn/tunisie-annonces/terrain-sur-la-route-de-raoued-ztv0128/,Terrain,Ariana,LA SOUKRA,LA SOUKRA,ariana,125000,227,18 juillet 2024,,,,Oui,,,,,,
behya.tn,https://www.behya.tn/tunisie-annonces/terrain-a-hammamet-900m-de-la-mer/,Terrain,Nabeul,Yasmine Hammamet,Yasmine Hammamet,8000,79200,,28 juin 2024,,Oui,,Oui,,,,,,Résidentielle
behya.tn,https://www.behya.tn/tunisie-annonces/terrains-en-vente-el-ghraba/,Terrain,Sfax,,,N/A,35,1200,11 juin 2024,,,,,,,,,,
behya.tn,https://www.behya.tn/tunisie-annonces/terrain-a-vendre-entre-houmt-souk-et-midoun/,Terrain,Medenine,Midoun,Midoun,6115,90,1548,5 juin 2024,,,,Oui,,,,,,Résidentielle
behya.tn,https://www.behya.tn/tunisie-annonces/terrains-disponibles-a-la-vente-saisissez-cette-chance-sans-attendre/,Terrain,Medenine,Houmt Souk Djerba,Houmt Souk Djerba,6100,350,403,28 mai 2024,,,,Oui,,,,Oui,Oui,Résidentielle
behya.tn,https://www.behya.tn/tunisie-annonces/terrain-a-vendre-a-laouina-mtv0004/,Terrain,Tunis,l aouina,l aouina,1000,0,546,29 avril 2024,,,,,,,,,,
behya.tn,https://www.behya.tn/tunisie-annonces/terrain-a-la-soukra-mtv0123/,Terrain,Ariana,La soukra,La soukra,ariana,1050,1150,16 avril 2024,,,,Oui,,,,,,
behya.tn,https://www.behya.tn/tunisie-annonces/terrain-a-la-soukra-mtv0013/,Terrain,Ariana,la soukra,la soukra,ariana,1200000,738,13 avril 2024,,,Oui,Oui,,,,,,Résidentielle
behya.tn,https://www.behya.tn/tunisie-annonces/un-terrain-a-la-soukra-ztv0030/,Terrain,Ariana,La soukra,La soukra,ariana,400000,500,13 avril 2024,,,,Oui,,,,,,Résidentielle
behya.tn,https://www.behya.tn/tunisie-annonces/terrain-a-la-soukra-mtv0012/,Terrain,Ariana,La soukra,La soukra,ariana,1500000,688,13 avril 2024,,,Oui,Oui,,,,,,Résidentielle
behya.tn,https://www.behya.tn/tunisie-annonces/terrain-a-sidi-bou-said-mtv0028/,Terrain,Tunis,sidi bou said,sidi bou said,2026,2800000,400,13 avril 2024,,,,,,,,,,
behya.tn,https://www.behya.tn/tunisie-annonces/terrain-a-ain-zaghouan-sud-ztv0044/,Terrain,Tunis,ain zaghwen,ain zaghwen,1000,550000,300,12 avril 2024,,,,Oui,,,,,,
behya.tn,https://www.behya.tn/tunisie-annonces/terrain-300m%c2%b2-a-la-marsa-ztv0075/,Terrain,Tunis,a la marsa,a la marsa,1000,590000,300,12 avril 2024,,,,,,,,,,
behya.tn,https://www.behya.tn/tunisie-annonces/des-terrains-a-vendre-a-bhar-lazrek-ztv0061/,Terrain,Tunis,la marsa,la marsa,2070,360000,300,12 avril 2024,,,,Oui,,,,,,
behya.tn,https://www.behya.tn/tunisie-annonces/terrain-a-bhar-lazrek-mtv0082/,Terrain,Tunis,a la marsa,a la marsa,1000,560000,643,12 avril 2024,,,,Oui,,,,,,Résidentielle
behya.tn,https://www.behya.tn/tunisie-annonces/terrain-titre-a-carthage-hannibal-ztv0078/,Terrain,Tunis,a la marsa,a la marsa,1000,4295000,859,12 avril 2024,,,,,,,,,,
behya.tn,https://www.behya.tn/tunisie-annonces/terrain-a-gammarth-mtv0008/,Terrain,Tunis,ghammarth,ghammarth,1000,2345,2345,2 avril 2024,,Oui,,Oui,,,,,,
behya.tn,https://www.behya.tn/tunisie-annonces/terrain-a-vendre-a-gammarth-superieur-mtv0016/,Terrain,Tunis,gmmarth sueprieur,gmmarth sueprieur,1000,1650000,550,2 avril 2024,,,,,,,,,,
behya.tn,https://www.behya.tn/tunisie-annonces/terrain-a-la-soukra/,Terrain,Ariana,La soukra,La soukra,ariana,400000,400,2 avril 2024,,,,Oui,,,,,,Résidentielle
behya.tn,https://www.behya.tn/tunisie-annonces/terrain-a-la-soukra-ztv0035/,Terrain,Ariana,La soukra,La soukra,ariana,1150600,1046,2 avril 2024,,,,Oui,,,,,,Résidentielle
behya.tn,https://www.behya.tn/tunisie-annonces/terrain-aux-jardins-de-carthage-mtv0110-2/,Terrain,Tunis,jardin de carthage,jardin de carthage,1000,2000000,482,2 avril 2024,,,,Oui,,,,,,
behya.tn,https://www.behya.tn/tunisie-annonces/terrain-a-ain-zaghouan-ztv0109/,Terrain,Tunis,ain zaghwen,ain zaghwen,1000,1530000,900,2 avril 2024,,,,Oui,,,,,,
behya.tn,https://www.behya.tn/tunisie-annonces/terrain-a-la-soukra-ztv0106/,Terrain,Ariana,La soukra,La soukra,ariana,324000,360,2 avril 2024,,,,Oui,,,,,,Résidentielle
behya.tn,https://www.behya.tn/tunisie-annonces/terrain-a-vendre-a-la-marsa-mtv0121/,Terrain,Tunis,a la marsa,a la marsa,1000,5800000,6400,2 avril 2024,,,,Oui,,,,,,
behya.tn,https://www.behya.tn/tunisie-annonces/terrain-a-vendre-a-la-soukra-mtv0053/,Terrain,Ariana,La soukra,La soukra,ariana,1350000,2000,2 avril 2024,,,,Oui,,,,,,Résidentielle
behya.tn,https://www.behya.tn/tunisie-annonces/terrains-a-vendre-a-la-marsa-mtv0118/,Terrain,Tunis,a la marsa,a la marsa,1000,600000,700,2 avril 2024,,,,Oui,,,,,,
behya.tn,https://www.behya.tn/tunisie-annonces/vente-dun-terrain-agricole-a-el-maamoura-beach/,Terrain,Nabeul,El Maamoura,El Maamoura,8000,0,2400,9 mars 2024,,Oui,,,,,,,,Agricole
behya.tn,https://www.behya.tn/tunisie-annonces/vente-dun-terrain-a-chat-zouhour-korba/,Terrain,Nabeul,Plage Chat Zouhour,Plage Chat Zouhour,8000,0,500,7 mars 2024,,Oui,,Oui,,,,,,
behya.tn,https://www.behya.tn/tunisie-annonces/forssa-terrain-3000m20-oliviers-a-hammamet-sud/,Terrain,Nabeul,Hammamet sud,Hammamet sud,8000,80000,,20 février 2024,,,,,,,,Oui,Oui,
behya.tn,https://www.behya.tn/tunisie-annonces/des-terrains-au-bord-de-la-plage/,Terrain,Nabeul,Hammam El Ghezaz _ Ezzahra,Hammam El Ghezaz _ Ezzahra,8000,110000,2500,20 février 2024,,Oui,,,,,Oui,,,
behya.tn,https://www.behya.tn/tunisie-annonces/votre-terrain-de-reve/,Terrain,Nabeul,Hammam El Ghezaz _ Ezzahra,Hammam El Ghezaz _ Ezzahra,8000,300000,0,20 février 2024,,Oui,,,,,,,,
behya.tn,https://www.behya.tn/tunisie-annonces/vente-dun-lot-de-terrain-viabilise-zone-touristique-borj-cedria-faisant-le-coin-de-425m2/,Terrain,Ben Arous,Borj cerdia zone touristique,Borj cerdia zone touristique,2013,300000,425,18 février 2024,,Oui,Oui,Oui,,,,Oui,Oui,Touristique
behya.tn,https://www.behya.tn/tunisie-annonces/des-merveilleux-terrains-avec-vue-sur-mer/,Terrain,Nabeul,Hammam El Ghezaz,Hammam El Ghezaz,8000,180000,0,16 février 2024,,Oui,,,,,Oui,,,Agricole
behya.tn,https://www.behya.tn/tunisie-annonces/des-lots-de-terrains-a-ezzahra-kelibia/,Terrain,Nabeul,Hammam El Ghezaz,Hammam El Ghezaz,8000,63000,1000,16 février 2024,,Oui,,,,,,,,
behya.tn,https://www.behya.tn/tunisie-annonces/des-magnifiques-terrains-a-hammam-el-ghezaz/,Terrain,Nabeul,Hammam El Ghezaz,Hammam El Ghezaz,8000,300000,0,16 février 2024,,Oui,,,,,,,,
behya.tn,https://www.behya.tn/tunisie-annonces/des-terrains-avec-une-superbe-vue-sur-mer/,Terrain,Nabeul,Hammam El Ghezaz,Hammam El Ghezaz,8000,36000,1000,16 février 2024,,Oui,,,,,Oui,,,
behya.tn,https://www.behya.tn/tunisie-annonces/chaque-instant-devient-precieux/,Terrain,Nabeul,Hammam El Ghezaz,Hammam El Ghezaz,8000,180000,0,14 février 2024,,,,,,,Oui,,,Agricole
behya.tn,https://www.behya.tn/tunisie-annonces/les-terrains-offrent-des-superficies-variees/,Terrain,Nabeul,Hammam El Ghezaz _ Ezzahra,Hammam El Ghezaz _ Ezzahra,8000,63000,1000,30 janvier 2024,,Oui,,,,,,,,
behya.tn,https://www.behya.tn/tunisie-annonces/nouvelles-offres-de-terrains-cotiers/,Terrain,Nabeul,,,N/A,300000,10000,27 janvier 2024,,,,,,,,,,
behya.tn,https://www.behya.tn/tunisie-annonces/la-vente-des-terrains-cotiers-a-hammam-el-ghezaz/,Terrain,Nabeul,Hammam El Ghezaz _ Ezzahra,Hammam El Ghezaz _ Ezzahra,8000,63000,1000,23 janvier 2024,,Oui,,,,,,,,
behya.tn,https://www.behya.tn/tunisie-annonces/terrain-premiere-position-de-la-mer/,Terrain,Nabeul,dar allouch,dar allouch,8000,500,1000,23 janvier 2024,Bleu,Oui,,Oui,,,,Oui,Oui,
behya.tn,https://www.behya.tn/tunisie-annonces/decouvrir-ces-offres-avant-tout-le-monde-a-hammam-ghezez/,Terrain,Nabeul,Hammam El Ghezaz _ Ezzahra,Hammam El Ghezaz _ Ezzahra,8000,63000,1000,23 janvier 2024,,Oui,,,,,,,,
behya.tn,https://www.behya.tn/tunisie-annonces/un-terrain-avec-emplacement-cotier-privilegie/,Terrain,Nabeul,Hammam El Ghezaz _ Ezzahra,Hammam El Ghezaz _ Ezzahra,8000,300000,10000,22 janvier 2024,,,,,,,,,,
behya.tn,https://www.behya.tn/tunisie-annonces/des-terrains-dexception-a-hammam-el-ghezaz/,Terrain,Nabeul,,,N/A,300000,10000,20 janvier 2024,,,,,,,,,,
behya.tn,https://www.behya.tn/tunisie-annonces/terrains-pres-de-la-mer/,Terrain,Nabeul,dar allouche,dar allouche,8000,300,250,14 janvier 2024,Bleu,Oui,,Oui,,,,Oui,Oui,
behya.tn,https://www.behya.tn/tunisie-annonces/terrain-a-sidi-hamed-hammamet/,Terrain,Nabeul,Sidi hamed menchar Hammamet,Sidi hamed menchar Hammamet,8000,250,900,9 janvier 2024,,,,Oui,,,,,,
behya.tn,https://www.behya.tn/tunisie-annonces/des-terrains-pres-de-la-mer/,Terrain,Nabeul,el haouaria,el haouaria,8000,350,925,8 janvier 2024,Bleu,Oui,,Oui,,,,Oui,Oui,
behya.tn,https://www.behya.tn/tunisie-annonces/ferme-pres-de-la-mer/,Terrain,Nabeul,dar allouch,dar allouch,8000,850000,32500,6 janvier 2024,Bleu,Oui,,,,,,,,Agricole
behya.tn,https://www.behya.tn/tunisie-annonces/terrain-aux-jardins-de-carthage-mtv0110/,Terrain,Tunis,Jardins De Carthage,Jardins De Carthage,1000,2000000,482,28 décembre 2023,,,,Oui,,,,,,
behya.tn,https://www.behya.tn/tunisie-annonces/terrain-aux-jardins-de-carthage-mtv0115/,Terrain,Tunis,Jardins De Carthage,Jardins De Carthage,1000,900,200,25 décembre 2023,,,,Oui,,,,,,
behya.tn,https://www.behya.tn/tunisie-annonces/un-terrain-en-premiere-position-a-hammam-el-ghezaz/,Terrain,Nabeul,Hammam El Ghezaz _ Ezzahra,Hammam El Ghezaz _ Ezzahra,8000,300000,0,18 décembre 2023,,Oui,,,,,Oui,,,
behya.tn,https://www.behya.tn/tunisie-annonces/beneficiez-de-ces-merveilleux-terrains-avec-vue-sur-mer/,Terrain,Nabeul,Hammam El Ghezaz _ Ezzahra,Hammam El Ghezaz _ Ezzahra,8000,300000,0,15 décembre 2023,,Oui,,,,,Oui,,,
behya.tn,https://www.behya.tn/tunisie-annonces/terrain-pres-de-la-mer-3/,Terrain,Nabeul,dar allouch,dar allouch,8000,65000,225,12 décembre 2023,Bleu,Oui,,Oui,,,,Oui,Oui,
behya.tn,https://www.behya.tn/tunisie-annonces/ferme-dolives-a-vendre/,Terrain,Nabeul,el haouaria,el haouaria,8000,260000,22000,2 décembre 2023,Bleu,,,,,,,Oui,,
behya.tn,https://www.behya.tn/tunisie-annonces/terrain-a-vendre-27/,Terrain,Nabeul,el haouaria,el haouaria,8000,330,425,2 décembre 2023,Bleu,Oui,,Oui,,,,Oui,Oui,
behya.tn,https://www.behya.tn/tunisie-annonces/terrain-a-vendre-26/,Terrain,Nabeul,Sidi Mahersi,Sidi Mahersi,8000,1500,3815,25 novembre 2023,,,,Oui,,,,,,Résidentielle
behya.tn,https://www.behya.tn/tunisie-annonces/terrain-a-vendre-25/,Terrain,Nabeul,azmour,azmour,8000,110000,5000,17 novembre 2023,Bleu,,,,,,,,,
behya.tn,https://www.behya.tn/tunisie-annonces/un-terrain-de-luxe-a-hammam-el-ghezaz/,Terrain,Nabeul,Hammam El Ghezaz _ Ezzahra,Hammam El Ghezaz _ Ezzahra,8000,295000,0,15 novembre 2023,,Oui,,,,,,,,
behya.tn,https://www.behya.tn/tunisie-annonces/des-terrains-vue-sur-mer/,Terrain,Nabeul,Hammam El Ghezaz _ Ezzahra,Hammam El Ghezaz _ Ezzahra,8000,41500,1000,15 novembre 2023,,Oui,,,,,Oui,,,
behya.tn,https://www.behya.tn/tunisie-annonces/terrain-142000-mettre-carre/,Terrain,Gabes,,,N/A,5,,15 novembre 2023,,,,,,,,Oui,Oui,
behya.tn,https://www.behya.tn/tunisie-annonces/terrain-a-vendre-24/,Terrain,Nabeul,dar allouch,dar allouch,8000,0,140,5 novembre 2023,Bleu,,,,,,,Oui,Oui,
behya.tn,https://www.behya.tn/tunisie-annonces/terrain-agricole-a-vendre/,Terrain,Nabeul,sahb ejbal,sahb ejbal,8000,80000,10000,2 novembre 2023,Bleu,,,,,,,,,Agricole
behya.tn,https://www.behya.tn/tunisie-annonces/ferme-a-kelibia/,Terrain,Sfax,azmour,azmour,8000,190000,6000,16 octobre 2023,Bleu,,,,,,,,,
behya.tn,https://www.behya.tn/tunisie-annonces/terrain-pres-de-la-mer-2/,Terrain,Nabeul,dar allouche,dar allouche,8000,200,1000,10 octobre 2023,Bleu,Oui,,Oui,,,,Oui,Oui,
behya.tn,https://www.behya.tn/tunisie-annonces/terrain-vue-de-mer/,Terrain,Nabeul,dar allouch,dar allouch,8000,250,220,10 octobre 2023,Bleu,Oui,,Oui,,,,Oui,Oui,
behya.tn,https://www.behya.tn/tunisie-annonces/a-vendre-terrain-a-ezzahra-kelibia/,Terrain,Nabeul,Ezzahra Kelibia,Ezzahra Kelibia,8000,180000,600,5 octobre 2023,Bleu,,,Oui,,,,,,
behya.tn,https://www.behya.tn/tunisie-annonces/terrain-a-vendre-22/,Terrain,Nabeul,kélibia,kélibia,8090,110000,300,5 octobre 2023,Bleu,,,Oui,,,,Oui,Oui,
behya.tn,https://www.behya.tn/tunisie-annonces/terrain-a-vendre-23/,Terrain,Nabeul,el haouaria,el haouaria,8000,400,212,5 octobre 2023,Bleu,Oui,,Oui,,,,Oui,Oui,
behya.tn,https://www.behya.tn/tunisie-annonces/a-vendre-lot-de-terrain-de440-m2/,Terrain,Nabeul,hammamet,hammamet,8050,44000,440,5 octobre 2023,,Oui,,,,,,,,
behya.tn,https://www.behya.tn/tunisie-annonces/lot-de-terrain-de-600-m%c2%b2-a-hammamet/,Terrain,Nabeul,hammamet,hammamet,8050,60000,600,5 octobre 2023,,,,,,,,,,
behya.tn,https://www.behya.tn/tunisie-annonces/lot-de-terrain-de-500-m%c2%b2-a-hammamet/,Terrain,Nabeul,hammamet,hammamet,8050,65000,500,5 octobre 2023,,,,,,,,,,
behya.tn,https://www.behya.tn/tunisie-annonces/terrain-a-vendre-21/,Terrain,Nabeul,dar allouch,dar allouch,8000,30000,100,5 octobre 2023,Bleu,,,Oui,,,,Oui,Oui,
behya.tn,https://www.behya.tn/tunisie-annonces/terrain-pres-de-la-mer/,Terrain,Nabeul,dar allouche,dar allouche,8000,400,,5 octobre 2023,Bleu,Oui,,,,,,Oui,Oui,
behya.tn,https://www.behya.tn/tunisie-annonces/terrain-a-kelibia/,Terrain,Nabeul,kélibia,kélibia,8090,150,800,5 octobre 2023,Bleu,,,Oui,,,,Oui,Oui,
behya.tn,https://www.behya.tn/tunisie-annonces/une-ferme-a-kelibia/,Terrain,Nabeul,kélibia,kélibia,8090,175000,3081,5 octobre 2023,Bleu,,,,,,,,,
behya.tn,https://www.behya.tn/tunisie-annonces/une-ferme-a-vendre/,Terrain,Nabeul,rue de liberté,rue de liberté,8000,250000,15000,27 août 2023,Bleu,,,,,,,Oui,Oui,
behya.tn,https://www.behya.tn/tunisie-annonces/terrain-a-vendre-20/,Terrain,Nabeul,rue de liberté,rue de liberté,8000,250,500,27 août 2023,Bleu,,,Oui,,,,Oui,Oui,
behya.tn,https://www.behya.tn/tunisie-annonces/av-1000m-a-40md-pas-loin-de-hammamet-yasmine/,Terrain,Nabeul,Hammamet sud,Hammamet sud,8000,40000,,23 août 2023,,,,,,,,Oui,Oui,
behya.tn,https://www.behya.tn/tunisie-annonces/terrain-a-vendre-a-ezzahra-kelibia/,Terrain,Nabeul,Plage EZZAHRA KELIBIA TUNISIE,Plage EZZAHRA KELIBIA TUNISIE,8000,103000,274,12 août 2023,Bleu,,,,,,,,,
behya.tn,https://www.behya.tn/tunisie-annonces/terrain-13/,Terrain,Nabeul,yasmine hammamet,yasmine hammamet,8000,18000,,22 juin 2023,,,,,,,,,,
behya.tn,https://www.behya.tn/tunisie-annonces/terrain-a-vendre-350-m2-beni-khalled-zone-lycee-rue-manzah/,Terrain,Nabeul,rue manzah beni khalled,rue manzah beni khalled,8000,87000,350,21 juin 2023,,,,,,,,,,
behya.tn,https://www.behya.tn/tunisie-annonces/terrain-12/,Terrain,Nabeul,Hammamet sud,Hammamet sud,8000,0,,18 juin 2023,,,,,,,,,,
behya.tn,https://www.behya.tn/tunisie-annonces/terrain-11/,Terrain,Nabeul,Hammamet sud,Hammamet sud,8000,18000,,18 juin 2023,,,,,,,,,,
behya.tn,https://www.behya.tn/tunisie-annonces/terrain-10/,Terrain,Nabeul,yasmine hammamet,yasmine hammamet,8000,19800,,18 juin 2023,,,,,,,,,,
behya.tn,https://www.behya.tn/tunisie-annonces/terrain-9/,Terrain,Nabeul,dwikhla yasmine hammamet,dwikhla yasmine hammamet,8000,18,,16 juin 2023,,,,,,,,,,
behya.tn,https://www.behya.tn/tunisie-annonces/terrain-hergla-1-km-de-la-plage/,Terrain,Sousse,Hergla,Hergla,4050,42000,,13 juin 2023,Bleu,,,,,,,,,Agricole
behya.tn,https://www.behya.tn/tunisie-annonces/a-vendre-terrain-agricole-15000m%c2%b2/,Terrain,Nabeul,,,N/A,0,15000,28 mai 2023,,,,,,,,,,Agricole
behya.tn,https://www.behya.tn/tunisie-annonces/terrain-a-proximite-du-futur-pont-fixe-de-bizerte/,Terrain,Bizerte,Bizerte Sud,Bizerte Sud,7022,3150000,7000,25 avril 2023,,,,,,,,,,
behya.tn,https://www.behya.tn/tunisie-annonces/un-terrain-a-vendre-a-yasmine-hammamet/,Terrain,Nabeul,hammamet,hammamet,8050,64000,,19 avril 2023,,Oui,,,,,,,,
behya.tn,https://www.behya.tn/tunisie-annonces/un-terrain-a-vendre-a-yasmine-hammamet-2/,Terrain,Nabeul,hammamet,hammamet,8050,50000,,19 avril 2023,,Oui,,Oui,,,,,,Résidentielle
behya.tn,https://www.behya.tn/tunisie-annonces/terrain-de-345-m2-a-350-dt-le-m2/,Terrain,Ben Arous,Zone Touristique Borj Cédria Soliman plage,Zone Touristique Borj Cédria Soliman plage,2013,1207,345,15 avril 2023,,Oui,Oui,Oui,,,,,,Touristique
behya.tn,https://www.behya.tn/tunisie-annonces/terrain-de-377m2-a-500-dt-le-m2/,Terrain,Ben Arous,Zone touristique de Borj Cédria Soliman Plage 4,Zone touristique de Borj Cédria Soliman Plage 4,2013,188500,377,15 avril 2023,,,Oui,Oui,,,,,,Touristique
behya.tn,https://www.behya.tn/tunisie-annonces/terrain-de-343-m2-de-coin-a-550-d-le-m2/,Terrain,Ben Arous,Zone Touristique Borj Cédria Soliman plage Ejjahmi,Zone Touristique Borj Cédria Soliman plage Ejjahmi,2013,188500,343,10 avril 2023,,,,Oui,,,,,,Touristique
behya.tn,https://www.behya.tn/tunisie-annonces/terrain-de-317-m2-de-coin-commercial-residentiel/,Terrain,Ben Arous,Zone Touristique Borj Cédria Soliman plage,Zone Touristique Borj Cédria Soliman plage,2013,228000,317,10 avril 2023,,,,Oui,,,,Oui,Oui,Touristique
behya.tn,https://www.behya.tn/tunisie-annonces/terrain-a-vendre-a-sidi-bou-ali-route-de-la-plage/,Terrain,Sousse,Sidi Bou Ali,Sidi Bou Ali,4040,225000,531,2 avril 2023,Bleu,,,Oui,,,,,,Résidentielle
behya.tn,https://www.behya.tn/tunisie-annonces/terrain-de-600-m%c2%b2-a-21-000-md/,Terrain,Nabeul,hammamet,hammamet,8050,22000,500,13 mars 2023,,,,,,,,,,
behya.tn,https://www.behya.tn/tunisie-annonces/terrain-vue-sur-mer/,Terrain,Nabeul,hammamet,hammamet,8050,20000,500,11 mars 2023,,Oui,,,,,,,,
behya.tn,https://www.behya.tn/tunisie-annonces/terrain-600-m-de-la-plage-hammamet/,Terrain,Nabeul,hammamet,hammamet,8050,66000,,11 mars 2023,,,,Oui,,,,,,Résidentielle
behya.tn,https://www.behya.tn/tunisie-annonces/terrain-agricole/,Terrain,Sousse,Bourjin,Bourjin,4000,35,,20 janvier 2023,,,,,,,,,,Agricole
behya.tn,https://www.behya.tn/tunisie-annonces/terrain-route-de-teniour-km9-5-municipalite-chihia-superficie-2283-m2-1ere-position/,Terrain,Sfax,Route de Teniour Km9.5 près d'usine kharrat,Route de Teniour Km9.5 près d'usine kharrat,3000,2188000,2283,10 janvier 2023,,,,,,,,,,
behya.tn,https://www.behya.tn/tunisie-annonces/dar-arbi-a-la-plage-sidi-daoud-elhaouaria/,Terrain,Nabeul,sidi elhaouaria,sidi elhaouaria,8000,246,1100,3 janvier 2023,,,,,,,,,,
behya.tn,https://www.behya.tn/tunisie-annonces/un-terrain-situe-a-elzahra-kelibia/,Terrain,Nabeul,EL zahra,EL zahra,8000,400,224,16 novembre 2022,,Oui,,,,,,,,
behya.tn,https://www.behya.tn/tunisie-annonces/un-terrain-a-hammem-jabli/,Terrain,Nabeul,Kélibia,Kélibia,8090,140,3200,14 novembre 2022,,,,,,,,,,
behya.tn,https://www.behya.tn/tunisie-annonces/lot-de-terrain-a-mnihla-superieure/,Terrain,Ariana,Mnihla supérieure,Mnihla supérieure,2080,400,300,10 novembre 2022,,,,,,,,,,
behya.tn,https://www.behya.tn/tunisie-annonces/terrain-328m2-vue-de-mer-mrezga-hammamet-nord/,Terrain,Nabeul,mrezga,mrezga,8000,135000,328,5 octobre 2022,,Oui,,,,,,,,
behya.tn,https://www.behya.tn/tunisie-annonces/av-beau-terrain-a-bhar-lazreg/,Terrain,Tunis,Route de gammarth la marsa,Route de gammarth la marsa,1000,357,550,11 septembre 2022,,,,Oui,,,,,,Résidentielle
behya.tn,https://www.behya.tn/tunisie-annonces/av-beau-terrain-a-gammarth-foret/,Terrain,Tunis,route de gammarth la marsa,route de gammarth la marsa,1000,356,324,11 septembre 2022,,,,Oui,,,,,,
behya.tn,https://www.behya.tn/tunisie-annonces/a-vendre-terrain-450m%c2%b2-a-dar-fadhal-la-soukra/,Terrain,Ariana,36.866012,36.866012,2080,350000,450,5 septembre 2022,,,,,,,,,,
behya.tn,https://www.behya.tn/tunisie-annonces/terrain-a-vendre-19/,Terrain,Tunis,Jardins el aouina,Jardins el aouina,1000,10,333,31 août 2022,Bleu,,,Oui,,,,,,
behya.tn,https://www.behya.tn/tunisie-annonces/un-terrain-cloture-a-vendre-a-sidi-51355351/,Terrain,Nabeul,Hammamet centre ville,Hammamet centre ville,8000,75000,500,13 août 2022,,,,,,,,Oui,Oui,
behya.tn,https://www.behya.tn/tunisie-annonces/des-lots-de-terrains-a-vendre-a-hammamet-sud-51355351/,Terrain,Nabeul,Hammamet centre ville,Hammamet centre ville,8000,73000,455,13 août 2022,,,,Oui,,,,,,Résidentielle
behya.tn,https://www.behya.tn/tunisie-annonces/un-terrain-cloture-a-hammamet-sud-a-vendre-a-300-dt-le-m%c2%b2-51355351/,Terrain,Nabeul,Hammamet centre ville,Hammamet centre ville,8000,375000,1253,12 août 2022,,,,,,,,,,
behya.tn,https://www.behya.tn/tunisie-annonces/des-lots-de-terrain-de-1000-m%c2%b2-a-vendre-51355351/,Terrain,Nabeul,Hammamet centre ville,Hammamet centre ville,8000,105000,1000,11 août 2022,Bleu,,,Oui,,,,,Oui,
behya.tn,https://www.behya.tn/tunisie-annonces/terrain-cloture-a-vendre-a-hammamet-sud-51355351/,Terrain,Nabeul,Hammamet centre ville,Hammamet centre ville,8000,125000,687,10 août 2022,,,,,,,,,Oui,
behya.tn,https://www.behya.tn/tunisie-annonces/des-lots-de-terrains-clotures-a-vendre-a-hammamet-sud-51355351/,Terrain,Nabeul,Hammamet centre ville,Hammamet centre ville,8000,73000,455,9 août 2022,,,,Oui,,,,,,Résidentielle
behya.tn,https://www.behya.tn/tunisie-annonces/un-terrain-vue-de-mer-a-vendre-a-maamoura-51355351-2/,Terrain,Nabeul,Hammamet centre ville,Hammamet centre ville,8000,270000,3316,8 août 2022,,Oui,,,,,,,Oui,
behya.tn,https://www.behya.tn/tunisie-annonces/terrain-5ha-agricole-260-oliviers-a-200-m-du-quartier-residentiel-de-wardanine-monastir/,Terrain,Monastir,Ouerdanine,Ouerdanine,5011,1000000,50000,6 août 2022,,Oui,,Oui,,,,Oui,Oui,Agricole
behya.tn,https://www.behya.tn/tunisie-annonces/un-terrain-de-1312-m%c2%b2-a-vendre-a-55-md-51355351/,Terrain,Nabeul,Hammamet centre ville,Hammamet centre ville,8000,55000,1312,5 août 2022,,,,,,,,,,
behya.tn,https://www.behya.tn/tunisie-annonces/un-terrain-a-vendre-a-110-md-a-hammamet-sud-51355351/,Terrain,Nabeul,Hammamet centre ville,Hammamet centre ville,8000,110000,2750,4 août 2022,,,,,,,,,Oui,
behya.tn,https://www.behya.tn/tunisie-annonces/un-terrain-vue-de-mer-a-vendre-a-maamoura-51355351/,Terrain,Nabeul,Hammamet centre ville,Hammamet centre ville,8000,270000,3316,3 août 2022,,Oui,,,,,,,Oui,
behya.tn,https://www.behya.tn/tunisie-annonces/un-terrain-de-1-hectare-a-hammamet-sud-a-vendre-51355351/,Terrain,Nabeul,Hammamet centre ville,Hammamet centre ville,8000,280000,10000,3 août 2022,,,,,,,,,,Touristique
behya.tn,https://www.behya.tn/tunisie-annonces/un-terrain-viabilise-a-vendre-a-hammamet-nord-51355351/,Terrain,Nabeul,Hammamet centre ville,Hammamet centre ville,8000,290000,361,31 juillet 2022,,,Oui,Oui,,,,,,Résidentielle
behya.tn,https://www.behya.tn/tunisie-annonces/yasmine-hammamet-52/,Terrain,Nabeul,BARAKET ESSAHEL,BARAKET ESSAHEL,8000,30300,,24 juillet 2022,,,,,,,,,,
behya.tn,https://www.behya.tn/tunisie-annonces/terrain-8/,Terrain,Nabeul,BARAKET ESSAHEL,BARAKET ESSAHEL,8000,45000,,24 juillet 2022,,,,,,,,,,
behya.tn,https://www.behya.tn/tunisie-annonces/hammamet-12/,Terrain,Nabeul,BARAKET ESSAHEL,BARAKET ESSAHEL,8000,15300,,24 juillet 2022,,,,,,,,,,
behya.tn,https://www.behya.tn/tunisie-annonces/vendre-terrain-el-haouaria-plage/,Terrain,Nabeul,El Haouaria,El Haouaria,8000,187500,750,16 juillet 2022,,,,,,,,,,
behya.tn,https://www.behya.tn/tunisie-annonces/terrain-a-vendre-a-oued-ellil/,Terrain,Manouba,10 avenue des jardins OUED ELLIL,10 avenue des jardins OUED ELLIL,2010,470,513,14 juillet 2022,,,,,,,,,,
behya.tn,https://www.behya.tn/tunisie-annonces/hammamet-11/,Terrain,Nabeul,BARAKET ESSAHEL,BARAKET ESSAHEL,8000,68000,,13 juillet 2022,,,,,,,,,,
behya.tn,https://www.behya.tn/tunisie-annonces/hammamet-10/,Terrain,Nabeul,BARAKET ESSAHEL,BARAKET ESSAHEL,8000,33000,,13 juillet 2022,,,,,,,,,,
behya.tn,https://www.behya.tn/tunisie-annonces/hammamet-9/,Terrain,Nabeul,yasmine hammamet,yasmine hammamet,8000,185000,,13 juillet 2022,,Oui,,,,,,,,
behya.tn,https://www.behya.tn/tunisie-annonces/un-terrain-a-vendre-a-hammamet-sud-51355351/,Terrain,Nabeul,Hammamet centre ville,Hammamet centre ville,8000,185000,1000,12 juillet 2022,Bleu,,,,,,,,Oui,
behya.tn,https://www.behya.tn/tunisie-annonces/des-lots-de-terrain-a-vendre-a-mrezga-51355351/,Terrain,Nabeul,Hammamet centre ville,Hammamet centre ville,8000,84000,240,9 juillet 2022,,Oui,,,,,,,,
behya.tn,https://www.behya.tn/tunisie-annonces/lot-de-terrain-de-250-m%c2%b2-a-afh-manaret-el-hammamet-a-vendre-51355351/,Terrain,Nabeul,Hammamet centre ville,Hammamet centre ville,8000,130000,250,9 juillet 2022,Bleu,,,,,,,,,
behya.tn,https://www.behya.tn/tunisie-annonces/terrain-de-505-m%c2%b2-a-vendre-a-300-md-a-hammamet-sud-51355351-2/,Terrain,Nabeul,Hammamet centre ville,Hammamet centre ville,8000,300000,505,6 juillet 2022,,,,,,,,,,Touristique
behya.tn,https://www.behya.tn/tunisie-annonces/terrain-viabilise-a-hammamet-nord-a-vendre-51355351/,Terrain,Nabeul,Hammamet centre ville,Hammamet centre ville,8000,195000,266,5 juillet 2022,,,Oui,Oui,,,,,,
behya.tn,https://www.behya.tn/tunisie-annonces/un-terrain-de-4-hectares-a-vendre-a-hammamet-51355351/,Terrain,Nabeul,Hammamet centre ville,Hammamet centre ville,8000,600000,40000,5 juillet 2022,Bleu,,,,,,,,Oui,
behya.tn,https://www.behya.tn/tunisie-annonces/a-vendre-a-hammamet-un-terrain-cloture-de-1000-m%c2%b2-51355351/,Terrain,Nabeul,Hammamet centre ville,Hammamet centre ville,8000,195000,1000,3 juillet 2022,Bleu,,,,,,,,,
behya.tn,https://www.behya.tn/tunisie-annonces/un-superbe-terrain-de-500-m%c2%b2-a-birbourgba-a-vendre-a-200-md-51355351/,Terrain,Nabeul,Hammamet centre ville,Hammamet centre ville,8000,200000,500,3 juillet 2022,Bleu,,Oui,,,,,,,
behya.tn,https://www.behya.tn/tunisie-annonces/terrain-de-360-m%c2%b2-a-manaret-el-hammamet-a-vendre-51355351/,Terrain,Nabeul,Hammamet centre ville,Hammamet centre ville,8000,160000,360,1 juillet 2022,Bleu,,,Oui,,,,,,
behya.tn,https://www.behya.tn/tunisie-annonces/superbe-terrain-viabilise-de-1120-m%c2%b2-a-vendre-a-mrezga-51355351/,Terrain,Nabeul,Hammamet centre ville,Hammamet centre ville,8000,385000,1120,30 juin 2022,Bleu,,Oui,,,,,,,
behya.tn,https://www.behya.tn/tunisie-annonces/terrain-viabilise-de-266-m%c2%b2-a-hammamet-nord-a-vendre-a-195-md-51355351/,Terrain,Nabeul,Hammamet centre ville,Hammamet centre ville,8000,195000,266,28 juin 2022,,,Oui,Oui,,,,,,
behya.tn,https://www.behya.tn/tunisie-annonces/__trashed-2/,Terrain,Nabeul,Hammamet centre ville,Hammamet centre ville,8000,200000,354,26 juin 2022,Bleu,,,Oui,,,,,,
behya.tn,https://www.behya.tn/tunisie-annonces/terrain-a-birbourgba-de-2200-m%c2%b2-a-vendre-a-440-md-51355351/,Terrain,Nabeul,Hammamet centre ville,Hammamet centre ville,8000,440000,2200,24 juin 2022,,,,,,,,,,
behya.tn,https://www.behya.tn/tunisie-annonces/hammamet-6/,Terrain,Nabeul,BARAKET ESSAHEL,BARAKET ESSAHEL,8000,24000,,23 juin 2022,,,,,,,,,,
behya.tn,https://www.behya.tn/tunisie-annonces/hammamet-8/,Terrain,Nabeul,BARAKET ESSAHEL,BARAKET ESSAHEL,8000,24000,,23 juin 2022,,,,,,,,,,
behya.tn,https://www.behya.tn/tunisie-annonces/hammamet-7/,Terrain,Nabeul,yasmine hammamet,yasmine hammamet,8000,31500,,23 juin 2022,,,,,,,,,,
behya.tn,https://www.behya.tn/tunisie-annonces/joli-terrain-de-220-m%c2%b2-a-vendre-a-120-md-a-mrezga-51355351/,Terrain,Nabeul,Hammamet centre ville,Hammamet centre ville,8000,120000,220,22 juin 2022,Bleu,,,,,,,,,
behya.tn,https://www.behya.tn/tunisie-annonces/superbe-terrain-de-5042-m%c2%b2-a-vendre-a-hammamet-sud-51355351/,Terrain,Nabeul,Hammamet,Hammamet,8050,660000,5042,20 juin 2022,,,,,,,,,,Touristique
behya.tn,https://www.behya.tn/tunisie-annonces/un-superbe-terrain-a-vendre-a-70-md-a-hammamet-sud-51355351/,Terrain,Nabeul,Hammamet Sud,Hammamet Sud,8000,70000,262,20 juin 2022,Bleu,,,,,,,,,
behya.tn,https://www.behya.tn/tunisie-annonces/terrain-de-288-m%c2%b2-a-vendre-a-75-md-a-hammamet-sud-51355351/,Terrain,Nabeul,Hammamet,Hammamet,8050,75000,288,20 juin 2022,,,,,,,,,,
behya.tn,https://www.behya.tn/tunisie-annonces/a-vendre-a-afh-mrezga-un-superbe-terrain-de-3700-m%c2%b2-51355351/,Terrain,Nabeul,AFH Mrezga,AFH Mrezga,8000,630000,3700,20 juin 2022,Bleu,,,,,,,,,
behya.tn,https://www.behya.tn/tunisie-annonces/terrain-a-hammamet-de-278-m%c2%b2-a-vendre-a-225-md-51355351/,Terrain,Nabeul,Hammamet centre ville,Hammamet centre ville,8000,225000,278,20 juin 2022,,,,,,,,,,
behya.tn,https://www.behya.tn/tunisie-annonces/a-vendre-a-228-md-un-superbe-terrain-de-650-m%c2%b2-a-mrezga-51355351/,Terrain,Nabeul,Mrezga,Mrezga,8000,228000,650,20 juin 2022,Bleu,,,,,,,,,
behya.tn,https://www.behya.tn/tunisie-annonces/terrain-de-555-m%c2%b2-a-vendre-a-hammamet-sud-a-555-md-51355351/,Terrain,Nabeul,Hammamet Sud,Hammamet Sud,8000,5550000,555,20 juin 2022,Bleu,,,,,,,,,
behya.tn,https://www.behya.tn/tunisie-annonces/lot-de-terrain-de-175-m%c2%b2-a-vendre-a-26-md-51355351/,Terrain,Nabeul,Hammamet Sud,Hammamet Sud,8000,26000,175,20 juin 2022,,,,,,,,,,
behya.tn,https://www.behya.tn/tunisie-annonces/a-vendre-a-29-md-un-lot-de-terrain-de-200-m%c2%b2-a-hammamet-sud-51355351/,Terrain,Nabeul,Hammamet Sud,Hammamet Sud,8000,29000,200,20 juin 2022,,,,,,,,,,
behya.tn,https://www.behya.tn/tunisie-annonces/a-vendre-a-la-zone-theatre-des-lots-de-terrain-a-180-md-51355351-2/,Terrain,Nabeul,Hammamet centre ville,Hammamet centre ville,8000,18000,300,20 juin 2022,,,Oui,,,,,,,
behya.tn,https://www.behya.tn/tunisie-annonces/terrain-ayant-une-vue-imprenable-sur-la-mer-a-vendre-51355351/,Terrain,Nabeul,Hammamet centre ville,Hammamet centre ville,8000,175000,5000,20 juin 2022,,Oui,,,,,,,,
behya.tn,https://www.behya.tn/tunisie-annonces/superbe-terrain-de-500-m%c2%b2-a-vendre-a-hammamet-sud-a-150-md-51355351/,Terrain,Nabeul,Sidi Hammed,Sidi Hammed,8000,150000,500,20 juin 2022,,,,,,,,,,
behya.tn,https://www.behya.tn/tunisie-annonces/un-terrain-a-vendre-a-310-md-a-corniche-hammamet-51355351/,Terrain,Nabeul,Hammamet centre ville,Hammamet centre ville,8000,310000,295,19 juin 2022,,,,,,,,,,
behya.tn,https://www.behya.tn/tunisie-annonces/terrain-de-505-m%c2%b2-a-vendre-a-300-md-a-hammamet-sud-51355351/,Terrain,Nabeul,Hammamet Sud,Hammamet Sud,8000,300000,505,19 juin 2022,,,,,,,,,,Touristique
behya.tn,https://www.behya.tn/tunisie-annonces/terrain-de-1-hectare-a-vendre-a-hammamet-a-170-md-51355351/,Terrain,Nabeul,Bir bourgba,Bir bourgba,8000,170000,10000,19 juin 2022,Bleu,,,,,,,,,
behya.tn,https://www.behya.tn/tunisie-annonces/un-terrain-a-vendre-a-la-zone-touristique-hammamet-nord-51355351/,Terrain,Nabeul,Hammamet Nord,Hammamet Nord,8000,480000,400,19 juin 2022,,,Oui,Oui,,,,,,Touristique
behya.tn,https://www.behya.tn/tunisie-annonces/superbe-terrain-de-429-m%c2%b2-a-vendre-en-face-lhotel-nahrawess-51355351/,Terrain,Nabeul,Hammamet centre ville,Hammamet centre ville,8000,408000,429,19 juin 2022,,,,,,,,,,Touristique
behya.tn,https://www.behya.tn/tunisie-annonces/terrain-de-233-m%c2%b2-viabilise-a-vendre-a-800-dt-m%c2%b2-a-nabeul-51355351/,Terrain,Nabeul,Hammamet centre ville,Hammamet centre ville,8000,186400,233,19 juin 2022,,,Oui,Oui,,,,,,
behya.tn,https://www.behya.tn/tunisie-annonces/un-terrain-de-650-m%c2%b2-a-vendre-a-mrezga-51355351/,Terrain,Nabeul,Hammamet centre ville,Hammamet centre ville,8000,227500,650,19 juin 2022,Bleu,,,,,,,,,
behya.tn,https://www.behya.tn/tunisie-annonces/a-vende-un-superbe-terrain-de-1000-m%c2%b2-a-sidi-hamed-51355351/,Terrain,Nabeul,Sidi Hammed,Sidi Hammed,8000,185000,1000,19 juin 2022,Bleu,,,,,,,,Oui,
behya.tn,https://www.behya.tn/tunisie-annonces/a-vendre-a-sidi-hammed-un-terrain-de-1000-m%c2%b2-a-85-md-51355351/,Terrain,Nabeul,Sidi Hammed,Sidi Hammed,8000,85000,1000,19 juin 2022,,,,,,,,,,
behya.tn,https://www.behya.tn/tunisie-annonces/superbe-terrain-de-232-m%c2%b2-a-nabeul-a-vendre-a-135-md-51355351/,Terrain,Nabeul,Nabeul,Nabeul,8000,135000,232,19 juin 2022,,,,Oui,,,,,,Résidentielle
behya.tn,https://www.behya.tn/tunisie-annonces/terrain-viabilise-de-266-m%c2%b2-a-vendre-a-195-md-51355351/,Terrain,Nabeul,Hammamet Nord,Hammamet Nord,8000,195000,266,19 juin 2022,,,Oui,Oui,,,,,,
behya.tn,https://www.behya.tn/tunisie-annonces/terrain-a-hammamet-nord-9/,Terrain,Nabeul,HAMMAMET NORD,HAMMAMET NORD,8000,150,150,17 juin 2022,,,,,,,,,,
behya.tn,https://www.behya.tn/tunisie-annonces/hammamet-nord-2/,Terrain,Nabeul,HAMMAMET NORD,HAMMAMET NORD,8000,850,490,17 juin 2022,,Oui,,,,,,Oui,Oui,
behya.tn,https://www.behya.tn/tunisie-annonces/terrain-a-hammamet-nord-10/,Terrain,Nabeul,HAMMAMET NORD,HAMMAMET NORD,8000,490000,286,17 juin 2022,,,,,,,,,,
behya.tn,https://www.behya.tn/tunisie-annonces/yasmine-hammamet-51/,Terrain,Nabeul,HAMMAMET NORD,HAMMAMET NORD,8000,200,213,17 juin 2022,,,,,,,,,,
behya.tn,https://www.behya.tn/tunisie-annonces/hammamet-nord-4/,Terrain,Nabeul,HAMMAMET NORD,HAMMAMET NORD,8000,650,946,17 juin 2022,,,,,,,,,,Touristique
behya.tn,https://www.behya.tn/tunisie-annonces/yasmine-hammamet-50/,Terrain,Nabeul,yasmine hammamet,yasmine hammamet,8000,140000,4018,17 juin 2022,,,,,,,,,,
behya.tn,https://www.behya.tn/tunisie-annonces/terrain-a-hammamet-nord-11/,Terrain,Nabeul,hammamet sud,hammamet sud,8000,200000,1000,17 juin 2022,,,,,,,,Oui,Oui,
behya.tn,https://www.behya.tn/tunisie-annonces/yasmine-hammamet-49/,Terrain,Nabeul,HAMMAMET NORD,HAMMAMET NORD,8000,75000,500,17 juin 2022,,,,Oui,,,,,,
behya.tn,https://www.behya.tn/tunisie-annonces/terrain-a-hammamet-nord-8/,Terrain,Nabeul,HAMMAMET NORD,HAMMAMET NORD,8000,550000,550,17 juin 2022,,,,,,,,,,
behya.tn,https://www.behya.tn/tunisie-annonces/terrain-a-hammamet-nord-6/,Terrain,Nabeul,HAMMAMET NORD,HAMMAMET NORD,8000,1200,293,17 juin 2022,,Oui,,,,,,,,
behya.tn,https://www.behya.tn/tunisie-annonces/terrain-a-hammamet-nord-7/,Terrain,Nabeul,HAMMAMET NORD,HAMMAMET NORD,8000,1300,384,17 juin 2022,,Oui,,,,,,,,
behya.tn,https://www.behya.tn/tunisie-annonces/terrain-a-vendre-a-mrezga-11/,Terrain,Nabeul,MREZGA,MREZGA,8000,700,654,17 juin 2022,,,,,,,,,,Touristique
behya.tn,https://www.behya.tn/tunisie-annonces/terrain-a-hammamet-nord-5/,Terrain,Nabeul,HAMMAMET NORD,HAMMAMET NORD,8000,1600,1600,17 juin 2022,,,,,,,,Oui,Oui,
behya.tn,https://www.behya.tn/tunisie-annonces/terrain-a-vendre-a-mrezga-10/,Terrain,Nabeul,MREZGA,MREZGA,8000,100000,171,17 juin 2022,,,,,,,,,,
behya.tn,https://www.behya.tn/tunisie-annonces/terrain-a-vendre-a-mrezga-7/,Terrain,Nabeul,MREZGA,MREZGA,8000,1200,718,17 juin 2022,,,,,,,,,,
behya.tn,https://www.behya.tn/tunisie-annonces/terrain-a-vendre-a-mrezga-9/,Terrain,Nabeul,MREZGA,MREZGA,8000,3220000,322,17 juin 2022,,Oui,,,,,,,,Touristique
behya.tn,https://www.behya.tn/tunisie-annonces/terrain-a-vendre-a-mrezga-8/,Terrain,Nabeul,hammamet nord,hammamet nord,8000,819000,754,17 juin 2022,,Oui,,Oui,,,,,,
behya.tn,https://www.behya.tn/tunisie-annonces/terrain-a-vendre-pres-de-la-plage/,Terrain,Nabeul,kélibia,kélibia,8090,124000,248,17 juin 2022,,Oui,,,,,Oui,,,
behya.tn,https://www.behya.tn/tunisie-annonces/yasmine-hammamet-40/,Terrain,Nabeul,yasmine hammamet,yasmine hammamet,8000,480000,6000,16 juin 2022,,,,,,,,,,
behya.tn,https://www.behya.tn/tunisie-annonces/yasmine-hammamet-46/,Terrain,Nabeul,yasmine hammamet,yasmine hammamet,8000,757800,842,16 juin 2022,,,,,,,,Oui,Oui,
