source,url_annonce,type_bien,gouvernorat,delegation,localite,code_postal,prix,surface,date_insertion,nbre_pieces,etage,nbre_chambres,nbre_sdb,ascenseur,parking,meuble,climatisation,chauffage_central,jardin,balcon,standing,syndic,piscine,dressing,vue_mer,titre_foncier,etat
behya.tn,https://www.behya.tn/tunisie-annonces/appartement-a-vendre-a-kelibia/,Appartement,Nabeul,kélibia,kélibia,8090,85000,75,27 février 2026,,,1,1,,,,,,,,,,,,Oui,Bleu,
behya.tn,https://www.behya.tn/tunisie-annonces/vente-appartement-2/,Appartement,Tunis,Immeuble N°31 Rue Italie,Immeuble N°31 Rue Italie,1000,299999,,26 février 2026,,,,,,,,,,,,,,,,,,
behya.tn,https://www.behya.tn/tunisie-annonces/appartement-s3-4/,Appartement,Ben Arous,ezzahra,ezzahra,2034,350,144,17 février 2026,S+3,1,3,,Oui,Oui,,,,,,Haut,,,,,,
behya.tn,https://www.behya.tn/tunisie-annonces/appartement-34/,Appartement,Ben Arous,ben arous,ben arous,2013,185,,12 février 2026,S+2,,2,,Oui,,,,,,,Moyen,,,,,,
behya.tn,https://www.behya.tn/tunisie-annonces/a-vendre-s3-aux-5eme-etage-dans-une-residence-calme-et-vue-mer/,Appartement,Sousse,chott meriem,chott meriem,4000,460000,155,23 janvier 2026,S3,5,3,,Oui,,,Oui,Oui,,,,,,Oui,Oui,,
behya.tn,https://www.behya.tn/tunisie-annonces/appartement-31/,Appartement,Ben Arous,EZZAHRA,EZZAHRA,2034,340,120,3 janvier 2026,S3,1,3,,,Oui,,,,,,Haut,,,,,,
behya.tn,https://www.behya.tn/tunisie-annonces/appartement-30/,Appartement,Ben Arous,ezzahra,ezzahra,2034,340,120,1 janvier 2026,S3,1,3,,,Oui,,,,,,Haut,,,,,,
behya.tn,https://www.behya.tn/tunisie-annonces/appartement-29/,Appartement,Ben Arous,Ezzahra,Ezzahra,2034,340,120,1 janvier 2026,S3,1,3,,,Oui,,,,,,Haut,,,,,,
behya.tn,https://www.behya.tn/tunisie-annonces/a-vendre-duplex-s2-vue-mer-au-golden-tulip-gammarth/,Appartement,Tunis,Gammarth,Gammarth,1000,820000,140,5 décembre 2025,S+2,RDC,2,1,,Oui,,Oui,,,,,,,Oui,Oui,,
behya.tn,https://www.behya.tn/tunisie-annonces/appartement-s2hst/,Appartement,Ben Arous,megrine coteaux,megrine coteaux,2013,320000,130,25 septembre 2025,,,,,,,,,,,,,,,,,,
behya.tn,https://www.behya.tn/tunisie-annonces/appartement-s2-hst-10/,Appartement,Ben Arous,ezzahra,ezzahra,2034,320,130,16 septembre 2025,S+2,,2,,,,,,,,,,,,,,,
behya.tn,https://www.behya.tn/tunisie-annonces/appartement-s4-sousse-khezama-ennakhil-169m%c2%b2-24m%c2%b2-terrasse/,Appartement,Sousse,Ennakhil,Ennakhil,4000,539000,169,28 juillet 2025,S+4,,4,1,,,,,,,,,,,,,,
behya.tn,https://www.behya.tn/tunisie-annonces/appartement-s4-sousse-khezama-ennakhil-169m%c2%b2-24m%c2%b2-terrasse-2/,Appartement,Sousse,Avenue Ennakhil Khézama,Avenue Ennakhil Khézama,4000,529000,169,28 juillet 2025,S+4,,4,1,,,,,,,Oui,,,,Oui,,,
behya.tn,https://www.behya.tn/tunisie-annonces/appartement-s3-hst-13/,Appartement,Ben Arous,Rades meliane,Rades meliane,2013,320,165,10 juillet 2025,S+3,,3,1,Oui,Oui,,Oui,Oui,,Oui,Haut,,,Oui,,,
behya.tn,https://www.behya.tn/tunisie-annonces/appartement-s3-hst-12/,Appartement,Ben Arous,ezzahra,ezzahra,2034,3600000,144,8 juillet 2025,S+3,,3,1,Oui,Oui,,Oui,Oui,,Oui,Haut,,,,,,
behya.tn,https://www.behya.tn/tunisie-annonces/appartement-28/,Appartement,Ben Arous,chouchet rades,chouchet rades,2013,150000,,2 juillet 2025,S+2,,2,,,Oui,,,,,,,,,,,,
behya.tn,https://www.behya.tn/tunisie-annonces/appartement-s1-10/,Appartement,Ben Arous,chouchet rades,chouchet rades,2013,1,,2 juillet 2025,S+1,,1,,,Oui,,,,,,,,,,,,
behya.tn,https://www.behya.tn/tunisie-annonces/a-vendre-appartement-s2-vue-mer-nabeul/,Appartement,Nabeul,RÉSIDENCE LE FORT 1,RÉSIDENCE LE FORT 1,8000,350000,,28 juin 2025,S2,,2,1,,Oui,,,,,,,,,,Oui,,
behya.tn,https://www.behya.tn/tunisie-annonces/appartement-25/,Appartement,Ben Arous,rades,rades,2040,150000,,20 juin 2025,S+2,,2,,,Oui,,,,,,,,,,,,
behya.tn,https://www.behya.tn/tunisie-annonces/appartement-s3-hst-10/,Appartement,Ben Arous,ezzahra,ezzahra,2034,360,144,19 juin 2025,S+3,,3,1,Oui,Oui,,Oui,Oui,,Oui,Haut,,,,,,
behya.tn,https://www.behya.tn/tunisie-annonces/appartement-s4-169m%c2%b2-terrasse-23m%c2%b2-sousse-khezama-ennakhil/,Appartement,Sousse,Avenue des Palmiers Ennakhil,Avenue des Palmiers Ennakhil,4000,559000,169,16 juin 2025,S+4,1,4,1,,,,,,,Oui,,,,Oui,,,
behya.tn,https://www.behya.tn/tunisie-annonces/appartement-a-bizerte/,Appartement,Bizerte,,,N/A,135000,,16 juin 2025,S+2,RDC,2,,,,,,,,,,,,,,,
behya.tn,https://www.behya.tn/tunisie-annonces/appartement-24/,Appartement,Nabeul,hammamet,hammamet,8050,225000,89,16 juin 2025,S+1,,1,1,,Oui,,,Oui,,Oui,Haut,,,Oui,,,
behya.tn,https://www.behya.tn/tunisie-annonces/appartement-s3-avec-jardin-aux-jardins-de-carthage-mav1761-2/,Appartement,Tunis,Jardins de Carthage,Jardins de Carthage,1000,920000,,9 juin 2025,S+3,RDC,3,1,,Oui,,Oui,Oui,Oui,,,,,Oui,,,
behya.tn,https://www.behya.tn/tunisie-annonces/appartement-s2-aux-jardins-de-carthage-mav1828/,Appartement,Tunis,JARDINS DE CARTHAGE,JARDINS DE CARTHAGE,1000,495000,,9 juin 2025,S+2,,2,1,,Oui,,Oui,Oui,Oui,Oui,,,,,,,
behya.tn,https://www.behya.tn/tunisie-annonces/appartement-s2-a-ain-zaghouan-mav1878/,Appartement,Tunis,Ain Zaghouan,Ain Zaghouan,1000,240000,,9 juin 2025,S+2,RDC,2,1,,,,Oui,Oui,,,,,,,,,
behya.tn,https://www.behya.tn/tunisie-annonces/appartement-21/,Appartement,Nabeul,hammamet,hammamet,8050,225000,89,9 juin 2025,S+1,,1,1,,Oui,,,Oui,,Oui,Haut,,,Oui,,,
behya.tn,https://www.behya.tn/tunisie-annonces/appartement-20/,Appartement,Nabeul,hammamet,hammamet,8050,225000,89,9 juin 2025,S+1,,1,1,,Oui,,,Oui,,Oui,Haut,,,Oui,,,
behya.tn,https://www.behya.tn/tunisie-annonces/pour-la-vente-appartement-s2-a-renove-au-rades-choucha-2/,Appartement,Ben Arous,megrine,megrine,2033,150000,,29 mai 2025,S+2,,2,,,Oui,,,,,,,,,,,,
behya.tn,https://www.behya.tn/tunisie-annonces/pour-la-vente-ezzahra-s3-2/,Appartement,Ben Arous,ezzahra,ezzahra,2034,360000,144,29 mai 2025,S+3,,3,1,Oui,Oui,,Oui,Oui,,Oui,Haut,,,,,,
behya.tn,https://www.behya.tn/tunisie-annonces/pour-la-vente-appartement-s4-a-ezzahra/,Appartement,Ben Arous,Ezzahra,Ezzahra,2034,380000,145,29 mai 2025,S+4,,4,1,Oui,Oui,,Oui,Oui,,Oui,Haut,,,Oui,,,
behya.tn,https://www.behya.tn/tunisie-annonces/appartement-19/,Appartement,Ben Arous,ezzahra,ezzahra,2034,360000,144,29 mai 2025,S+3,,3,1,Oui,Oui,,Oui,Oui,,Oui,Haut,,,,,,
behya.tn,https://www.behya.tn/tunisie-annonces/appartement-s1-a-gammarth-zav1866/,Appartement,Tunis,gammarth,gammarth,1000,450000,,29 mai 2025,S+1,,1,1,,Oui,,Oui,Oui,,,,,,Oui,,,
behya.tn,https://www.behya.tn/tunisie-annonces/appartement-s1-a-ain-zaghouan-nord-zav1873/,Appartement,Tunis,Ain Zaghouan nord,Ain Zaghouan nord,1000,265000,,29 mai 2025,S+1,,1,1,,,,Oui,Oui,,,,,,Oui,,,
behya.tn,https://www.behya.tn/tunisie-annonces/appartement-16/,Appartement,Ben Arous,ezzahra,ezzahra,2034,360000,144,24 mai 2025,S+3,,3,1,Oui,Oui,,Oui,Oui,,Oui,Haut,,,,,,
behya.tn,https://www.behya.tn/tunisie-annonces/appartement-17/,Appartement,Ben Arous,ezzahra,ezzahra,2034,380000,145,24 mai 2025,S+4,,4,1,Oui,Oui,,Oui,Oui,,Oui,Haut,,,Oui,,,
behya.tn,https://www.behya.tn/tunisie-annonces/appartement-18/,Appartement,Ben Arous,rades,rades,2040,150000,,24 mai 2025,S+2,,2,,,Oui,,,,,,,,,,,,
behya.tn,https://www.behya.tn/tunisie-annonces/appartement-15/,Appartement,Nabeul,hammamet,hammamet,8050,225000,89,24 mai 2025,S+1,,1,1,,Oui,,,Oui,,Oui,Haut,,,Oui,,,
behya.tn,https://www.behya.tn/tunisie-annonces/appartement-s2-a-la-kram-mav1617/,Appartement,Tunis,kram,kram,1000,380000,,22 mai 2025,S+2,,2,1,,,,Oui,Oui,,,,,,,,,
behya.tn,https://www.behya.tn/tunisie-annonces/pour-la-vente-appartement-s2-a-renove-au-rades-choucha/,Appartement,Ben Arous,rades choucha,rades choucha,2013,150000,,22 mai 2025,S+2,,2,,,Oui,,,,,,,,,,,,
behya.tn,https://www.behya.tn/tunisie-annonces/appartement-s4-a-ezzahra/,Appartement,Ben Arous,Ezzahra,Ezzahra,2034,380000,145,22 mai 2025,S+4,,4,1,Oui,Oui,,Oui,Oui,,Oui,Haut,,,Oui,,,
behya.tn,https://www.behya.tn/tunisie-annonces/pour-la-vente-ezzahra-s3/,Appartement,Ben Arous,Ezzahra,Ezzahra,2034,360000,144,22 mai 2025,S+3,,3,1,Oui,Oui,,Oui,Oui,,Oui,Haut,,,,,,
behya.tn,https://www.behya.tn/tunisie-annonces/appartement-s2-a-gammarth-zav1872/,Appartement,Tunis,gammarth,gammarth,1000,650000,,16 mai 2025,S+2,,2,1,,Oui,,Oui,Oui,,Oui,,,,Oui,,,
behya.tn,https://www.behya.tn/tunisie-annonces/appartement-s2-a-ain-zaghouan-nord-mav1870/,Appartement,Tunis,ain zaghouan nord,ain zaghouan nord,1000,485000,,16 mai 2025,S+2,,2,1,,Oui,,Oui,Oui,,Oui,,,,,,,
behya.tn,https://www.behya.tn/tunisie-annonces/appartement-s3-aux-jardins-de-carthage-mav1847/,Appartement,Tunis,jardins de carthage,jardins de carthage,1000,765000,,16 mai 2025,S+3,,3,1,,Oui,,Oui,Oui,Oui,Oui,,,,Oui,,,
behya.tn,https://www.behya.tn/tunisie-annonces/appartement-s2-aux-jardins-de-carthage-mav1725/,Appartement,Tunis,jardins de carthage,jardins de carthage,1000,572000,,13 mai 2025,S+2,,2,1,,Oui,,Oui,Oui,Oui,Oui,,,,Oui,,,
behya.tn,https://www.behya.tn/tunisie-annonces/appartement-s2-a-ain-zaghouan-el-wahat-mav1855/,Appartement,Tunis,,,N/A,300000,,13 mai 2025,S+2,,2,1,,,,,Oui,,Oui,,,,,,,
behya.tn,https://www.behya.tn/tunisie-annonces/appartement-s3-avec-jardin-et-piscine-a-la-soukra-mav1556/,Appartement,Ariana,la soukra,la soukra,ariana,850000,,13 mai 2025,S+3,RDC,3,1,,Oui,,Oui,Oui,Oui,,,,Oui,,,,
behya.tn,https://www.behya.tn/tunisie-annonces/appartement-s4-sousse-khezama-avenue-des-palmiers/,Appartement,Sousse,Avenue des Palmiers Khézama,Avenue des Palmiers Khézama,4000,559000,169,11 mai 2025,S+4,1,4,1,,,,,,,Oui,,,,Oui,,,
behya.tn,https://www.behya.tn/tunisie-annonces/appartement-s1-a-la-soukra-zav1867/,Appartement,Ariana,la soukra,la soukra,ariana,260000,,9 mai 2025,S+1,,1,1,,Oui,,Oui,Oui,,,,,,Oui,,,
behya.tn,https://www.behya.tn/tunisie-annonces/appartement-s1-a-la-soukra-zav1869/,Appartement,Ariana,la soukra,la soukra,ariana,320000,,9 mai 2025,S+1,RDC,1,1,,,,Oui,Oui,Oui,,,,,Oui,,,
behya.tn,https://www.behya.tn/tunisie-annonces/appartement-s3-hst-8/,Appartement,Ben Arous,ezzahra,ezzahra,2034,360,144,2 mai 2025,S+3,,3,1,Oui,Oui,,Oui,Oui,,Oui,Haut,,,,,,
behya.tn,https://www.behya.tn/tunisie-annonces/appartement-s2-aux-jardins-de-carthage-mav1861/,Appartement,Tunis,ain zaghwene nord,ain zaghwene nord,1000,480000,,30 avril 2025,S+2,,2,1,,Oui,,Oui,Oui,Oui,Oui,,,,Oui,,,
behya.tn,https://www.behya.tn/tunisie-annonces/appartement-s2-pres-de-la-mer-a-khair-eddine-mav1742-2/,Appartement,Tunis,la marsa,la marsa,2070,400000,,28 avril 2025,S+2,,2,1,,,,Oui,Oui,,Oui,,,,,Oui,,
behya.tn,https://www.behya.tn/tunisie-annonces/appartement-s3-aux-jardins-de-carthage-zav1859/,Appartement,Tunis,la marsa,la marsa,2070,750000,,25 avril 2025,S+3,,3,1,,Oui,,Oui,Oui,Oui,Oui,,,,Oui,,,
behya.tn,https://www.behya.tn/tunisie-annonces/appartement-s1-avec-terrasse-et-piscine-a-gammarth-mav1650/,Appartement,Tunis,la marsa,la marsa,2070,650000,,24 avril 2025,S+1,RDC,1,1,,Oui,,Oui,Oui,,,,,Oui,Oui,,,
behya.tn,https://www.behya.tn/tunisie-annonces/appartement-s4-a-ain-zaghouan-el-wahat-mav1646-3/,Appartement,Tunis,la marsa,la marsa,2070,430000,,24 avril 2025,S+4,,4,1,,Oui,,Oui,Oui,,Oui,,,,,,,
behya.tn,https://www.behya.tn/tunisie-annonces/appartement-s2-a-ain-zaghouan-el-wahat-zav1857/,Appartement,Tunis,la marsa,la marsa,2070,250000,,19 avril 2025,S+2,,2,1,,Oui,,Oui,Oui,,Oui,,,,Oui,,,
behya.tn,https://www.behya.tn/tunisie-annonces/appartement-s2-a-laouina-mav1856/,Appartement,Tunis,la marsa,la marsa,2070,320000,,19 avril 2025,S+2,,2,1,,Oui,,Oui,Oui,,,,,,,,,
behya.tn,https://www.behya.tn/tunisie-annonces/appartement-s3-a-laouina-zav1853/,Appartement,Tunis,la marsa,la marsa,2070,345000,,17 avril 2025,S+3,,3,1,,Oui,,Oui,Oui,,,,,,Oui,,,
behya.tn,https://www.behya.tn/tunisie-annonces/appartement-s3-a-la-soukra-mav1668-2/,Appartement,Tunis,la marsa,la marsa,2070,650000,,14 avril 2025,S+3,,3,1,,,,Oui,Oui,,Oui,,,,,,,
behya.tn,https://www.behya.tn/tunisie-annonces/appartement-s3-a-ain-zaghouan-nord-zav0060/,Appartement,Tunis,la marsa,la marsa,2070,540000,,14 avril 2025,S+3,,3,1,,Oui,,Oui,Oui,,Oui,,,,Oui,,,
behya.tn,https://www.behya.tn/tunisie-annonces/appartement-s3-a-ain-zaghouan-zav1851/,Appartement,Tunis,ain zaghouan,ain zaghouan,1000,520000,,12 avril 2025,S+3,,3,1,,Oui,,Oui,Oui,,Oui,,,,Oui,,,
behya.tn,https://www.behya.tn/tunisie-annonces/appartement-s3-a-ain-zaghouan-la-nouvelle-soukra-mav1634/,Appartement,Tunis,la marsa,la marsa,2070,590000,,11 avril 2025,S+3,,3,1,,Oui,,Oui,Oui,,Oui,,,,,,,
behya.tn,https://www.behya.tn/tunisie-annonces/appartement-s3-a-carthage-byrsa-mav1757/,Appartement,Tunis,la marsa,la marsa,2070,330000,,11 avril 2025,S+3,,3,1,,,,,Oui,,Oui,,,,Oui,,,
behya.tn,https://www.behya.tn/tunisie-annonces/appartement-s1-vue-sur-mer-a-la-goulette-zav1845/,Appartement,Tunis,la marsa,la marsa,2070,380000,,9 avril 2025,S+1,,1,1,,Oui,,Oui,Oui,,Oui,,,,,Oui,,
behya.tn,https://www.behya.tn/tunisie-annonces/appartement-s3-a-ain-zaghouan-zav1663/,Appartement,Tunis,la marsa,la marsa,2070,320000,,9 avril 2025,S+3,RDC,3,1,,,,Oui,Oui,Oui,,,,Oui,Oui,,,
behya.tn,https://www.behya.tn/tunisie-annonces/appartement-s3-hst-6/,Appartement,Ben Arous,ezzahra,ezzahra,2034,3600,144,9 avril 2025,S+3,,3,1,Oui,Oui,,Oui,Oui,,Oui,Haut,,,,,,
behya.tn,https://www.behya.tn/tunisie-annonces/appartement-s2-hst-2/,Appartement,Ben Arous,ezzahra,ezzahra,2034,280,134,4 mars 2025,S+2,3,2,1,,Oui,,Oui,Oui,,Oui,Haut,,,Oui,,,
behya.tn,https://www.behya.tn/tunisie-annonces/appartement-s1-6/,Appartement,Nabeul,Mrezga,Mrezga,8000,280,89,4 mars 2025,S+1,,1,1,,Oui,,,Oui,,Oui,Haut,,,Oui,,,
behya.tn,https://www.behya.tn/tunisie-annonces/appartement-s1-5/,Appartement,Nabeul,megrine coteaux,megrine coteaux,2013,2250000,89,27 février 2025,S+1,,1,1,,Oui,,,Oui,,Oui,Haut,,,Oui,,,
behya.tn,https://www.behya.tn/tunisie-annonces/appartement-s3-2/,Appartement,Ben Arous,megrine coteaux,megrine coteaux,2013,2800000,134,24 février 2025,S+3,3,3,1,,Oui,,Oui,Oui,,Oui,Haut,,,Oui,,,
behya.tn,https://www.behya.tn/tunisie-annonces/appartement-s1-4/,Appartement,Nabeul,megrine coteaux,megrine coteaux,2013,225,89,24 février 2025,S+1,,1,1,,Oui,,,Oui,,Oui,Haut,,,Oui,,,
behya.tn,https://www.behya.tn/tunisie-annonces/appartement-s1-3/,Appartement,Nabeul,Mrezga,Mrezga,8000,0,89,16 février 2025,S+1,,1,1,,Oui,,,Oui,,Oui,Haut,,,Oui,,,
behya.tn,https://www.behya.tn/tunisie-annonces/appartement-s1-a-ain-zaghouan-nord-mav1790/,Appartement,Tunis,ain zaghwene,ain zaghwene,1000,395000,,23 décembre 2024,S+1,,1,1,,Oui,,Oui,Oui,,Oui,,,Oui,,,,
behya.tn,https://www.behya.tn/tunisie-annonces/appartement-s2-a-la-marsa-mav1540/,Appartement,Tunis,la marsa,la marsa,2070,395000,,4 décembre 2024,S+2,,2,1,,,,Oui,Oui,,Oui,,,,,,,
behya.tn,https://www.behya.tn/tunisie-annonces/appartement-rd/,Appartement,Bizerte,,,N/A,0,,1 décembre 2024,S+2,RDC,2,,,,,,,,,,,,,,,
behya.tn,https://www.behya.tn/tunisie-annonces/appartement-s3-aux-jardins-de-carthage-mav1772/,Appartement,Tunis,jardins de carthage,jardins de carthage,1000,890000,,30 novembre 2024,S+3,,3,1,,Oui,,Oui,Oui,Oui,Oui,,,,Oui,,,
behya.tn,https://www.behya.tn/tunisie-annonces/appartement-s1-a-la-nouvelle-soukra-mav1783/,Appartement,Tunis,soukra,soukra,2010,277000,,29 novembre 2024,S+1,RDC,1,1,,,,Oui,Oui,,,,,,,,,
behya.tn,https://www.behya.tn/tunisie-annonces/appartement-s1-a-la-soukra-mav1778-2/,Appartement,Ariana,la soukra,la soukra,ariana,241000,,29 novembre 2024,S+1,,1,1,,Oui,,Oui,Oui,,,,,,,,,
behya.tn,https://www.behya.tn/tunisie-annonces/appartement-s1-aux-jardins-de-carthage-mav1735/,Appartement,Tunis,jardins de carthage,jardins de carthage,1000,345000,,29 novembre 2024,S+1,RDC,1,1,,,,Oui,Oui,Oui,,,,,Oui,,,
behya.tn,https://www.behya.tn/tunisie-annonces/appartement-s1-a-la-soukra-mav1778/,Appartement,Ariana,la soukra,la soukra,ariana,241000,,28 novembre 2024,S+1,,1,1,,Oui,,Oui,Oui,,,,,,,,,
behya.tn,https://www.behya.tn/tunisie-annonces/appartement-s3-a-la-nouvelle-soukra-mav1780/,Appartement,Ariana,ain zaghwene,ain zaghwene,1000,500000,,28 novembre 2024,S+3,,3,2,,,,Oui,Oui,,Oui,,,,,,,
behya.tn,https://www.behya.tn/tunisie-annonces/appartement-s3-hst-2/,Appartement,Ben Arous,megrine coteaux,megrine coteaux,2013,280000,134,27 novembre 2024,S+3,3,3,1,,Oui,,Oui,Oui,,Oui,Haut,,,Oui,,,
behya.tn,https://www.behya.tn/tunisie-annonces/appartement-s-1-a-ain-zaghouan-mav1768/,Appartement,Tunis,ain zaghwene,ain zaghwene,1000,291000,,26 novembre 2024,S+1,,1,1,,Oui,,Oui,Oui,,,,,,Oui,,,
behya.tn,https://www.behya.tn/tunisie-annonces/appartement-s2-a-ain-zaghouan-nord-zav1739/,Appartement,Tunis,ain zaghwene,ain zaghwene,1000,575000,,26 novembre 2024,S+2,,2,1,,Oui,,Oui,Oui,,Oui,,,,Oui,,,
behya.tn,https://www.behya.tn/tunisie-annonces/appartement-s2-a-ain-zaghouan-mav1767/,Appartement,Tunis,ain zaghwene,ain zaghwene,1000,260000,,26 novembre 2024,S+2,,2,1,,Oui,,Oui,Oui,,,,,,,,,
behya.tn,https://www.behya.tn/tunisie-annonces/appartement-s4-a-la-soukra-mav1393/,Appartement,Ariana,la soukra,la soukra,ariana,430000,,15 novembre 2024,S+4,,4,1,,Oui,,Oui,Oui,,Oui,,,,Oui,,,
behya.tn,https://www.behya.tn/tunisie-annonces/duplex-s1-avec-terrasse-a-ain-zaghouan-nord-mav1520/,Appartement,Tunis,ain zaghwene nord,ain zaghwene nord,1000,345000,,11 novembre 2024,S+1,RDC,1,1,,,,Oui,Oui,,,,,,Oui,,,
behya.tn,https://www.behya.tn/tunisie-annonces/duplex-s3-avec-jardin-a-la-marsa-zdv0068/,Appartement,Tunis,la marsa,la marsa,2070,1100000,,11 novembre 2024,S+3,RDC,3,1,,Oui,,Oui,Oui,Oui,,,,,,,,
behya.tn,https://www.behya.tn/tunisie-annonces/appartement-s3-a-la-soukra-mav1668/,Appartement,Ariana,la soukra,la soukra,ariana,650000,,7 novembre 2024,S+3,,3,1,,Oui,,Oui,Oui,,Oui,,,,,,,
behya.tn,https://www.behya.tn/tunisie-annonces/appartement-s3-a-la-soukra-mav1745-2/,Appartement,Ariana,LA SOUKRA,LA SOUKRA,ariana,600000,,7 novembre 2024,S+3,,3,1,,Oui,,Oui,Oui,,Oui,,,Oui,,,,
behya.tn,https://www.behya.tn/tunisie-annonces/appartement-s2-avec-jardin-aux-jardins-de-carthage-mav1762/,Appartement,Tunis,carthage,carthage,2016,650000,,5 novembre 2024,S+2,RDC,2,1,,Oui,,Oui,Oui,Oui,,,,,Oui,,,
behya.tn,https://www.behya.tn/tunisie-annonces/appartement-s3-avec-jardin-aux-jardins-de-carthage-mav1761/,Appartement,Tunis,jardins de carthage,jardins de carthage,1000,240000,,5 novembre 2024,S+3,RDC,3,1,,Oui,,Oui,Oui,Oui,,,,,Oui,,,
behya.tn,https://www.behya.tn/tunisie-annonces/appartement-s3-a-ain-zaghouan-nord-mav1634/,Appartement,Tunis,lac1,lac1,1000,591000,,1 novembre 2024,S+3,,3,1,,Oui,,Oui,Oui,,Oui,,,,,,,
behya.tn,https://www.behya.tn/tunisie-annonces/appartement-s2-a-ain-zaghouan-nord-mav1633/,Appartement,Tunis,ain zaghwene,ain zaghwene,1000,408000,,1 novembre 2024,S+2,,2,1,,Oui,,Oui,Oui,,Oui,,,,,,,
behya.tn,https://www.behya.tn/tunisie-annonces/appartement-s1-a-la-soukra-mav1754/,Appartement,Ariana,la soukra,la soukra,ariana,295000,,1 novembre 2024,S+1,,1,1,,Oui,,Oui,Oui,,,,,,Oui,,,
behya.tn,https://www.behya.tn/tunisie-annonces/penthouse-s4-avec-piscine-aux-jardins-de-carthage-zav1741/,Appartement,Tunis,JARDINS DE CARTHAGE,JARDINS DE CARTHAGE,1000,3000000,,1 novembre 2024,S+4,,4,1,,Oui,,Oui,Oui,Oui,,,,Oui,,,,
behya.tn,https://www.behya.tn/tunisie-annonces/appartement-s3-a-la-goulette-zav1038/,Appartement,Tunis,la goulette,la goulette,2060,380000,,29 octobre 2024,S+3,,3,1,,,,Oui,Oui,,Oui,,,,Oui,Oui,,
behya.tn,https://www.behya.tn/tunisie-annonces/appartement-s2-avec-jardin-a-ain-zaghouan-mav1749/,Appartement,Tunis,ain zaghwene,ain zaghwene,1000,440000,,29 octobre 2024,S+2,RDC,2,1,,Oui,,Oui,Oui,Oui,,,,,Oui,,,
behya.tn,https://www.behya.tn/tunisie-annonces/appartement-s3-a-la-soukra-mav1745/,Appartement,Ariana,la soukra,la soukra,ariana,600000,,24 octobre 2024,S+3,,3,1,,Oui,,Oui,Oui,,Oui,,,Oui,,,,
behya.tn,https://www.behya.tn/tunisie-annonces/appartement-s2-pres-de-la-mer-a-khair-eddine-mav1742/,Appartement,Tunis,la goulette,la goulette,2060,370000,,24 octobre 2024,S+2,,2,1,,,,Oui,Oui,,Oui,,,,,Oui,,
behya.tn,https://www.behya.tn/tunisie-annonces/appartement-s3-a-la-soukra-mav1744/,Appartement,Tunis,la soukra,la soukra,ariana,630000,,24 octobre 2024,S+3,,3,1,,Oui,,Oui,Oui,,Oui,,,Oui,,,,
behya.tn,https://www.behya.tn/tunisie-annonces/appartement-s2-avec-jardin-a-la-marsa-mav1639/,Appartement,Tunis,la marsa,la marsa,2070,240000,,22 octobre 2024,S+2,RDC,2,1,,,,Oui,Oui,Oui,,,,,,,,
behya.tn,https://www.behya.tn/tunisie-annonces/des-appartements-s2-a-vendre-a-la-marsa-mav1731/,Appartement,Tunis,la marsa,la marsa,2070,450000,,17 octobre 2024,S+2,,2,1,Oui,Oui,,Oui,Oui,,Oui,,,,Oui,,,
behya.tn,https://www.behya.tn/tunisie-annonces/appartement-s2-meuble-a-ain-zaghouan-el-wahat-mav1737/,Appartement,Tunis,ain zaghwen nord,ain zaghwen nord,1000,365000,,17 octobre 2024,S+2,,2,1,,Oui,Oui,Oui,Oui,,,,,,,,,
behya.tn,https://www.behya.tn/tunisie-annonces/appartement-s3-aux-jardins-de-carthage-mav1733/,Appartement,Tunis,JARDINS DE CARTHAGE,JARDINS DE CARTHAGE,1000,680000,,17 octobre 2024,S+3,,3,1,,Oui,Oui,Oui,Oui,Oui,Oui,,,,Oui,,,
behya.tn,https://www.behya.tn/tunisie-annonces/appartement-s2-a-ain-zaghouan-nord-zav1734/,Appartement,Tunis,ain zaghouan,ain zaghouan,1000,470000,,12 octobre 2024,S+2,,2,1,,Oui,,Oui,Oui,,Oui,,,,Oui,,,
behya.tn,https://www.behya.tn/tunisie-annonces/appartement-s3-a-jardins-de-carthage-zav1266/,Appartement,Ariana,jardins de carthage,jardins de carthage,1000,1600000,,11 octobre 2024,S+3,,3,1,,Oui,,Oui,Oui,Oui,Oui,,,Oui,,,,
behya.tn,https://www.behya.tn/tunisie-annonces/appartement-s3-a-la-soukra-zav1683-2/,Appartement,Ariana,la soukra,la soukra,ariana,410000,,9 octobre 2024,S+3,,3,1,,,,Oui,Oui,,Oui,,,,,,,
behya.tn,https://www.behya.tn/tunisie-annonces/appartement-s3-a-la-soukra-mav1504/,Appartement,Ariana,la soukra,la soukra,ariana,450000,,9 octobre 2024,S+3,RDC,3,1,,Oui,,Oui,Oui,,Oui,,,,,,,
behya.tn,https://www.behya.tn/tunisie-annonces/appartement-s2-a-ain-zaghouan-el-wahat-zav1525/,Appartement,Tunis,ain zaghwene,ain zaghwene,1000,245000,,4 octobre 2024,S+2,,2,1,,,,,Oui,,Oui,,,,,,,
behya.tn,https://www.behya.tn/tunisie-annonces/appartement-s3-ain-zaghouan-el-wahat-mav1704/,Appartement,Tunis,ain zaghwene,ain zaghwene,1000,330000,,2 octobre 2024,S+3,,3,1,,,,Oui,Oui,,Oui,,,,Oui,,,
behya.tn,https://www.behya.tn/tunisie-annonces/appartement-s1-a-ain-zaghouan-nord-zav1260-3/,Appartement,Tunis,ain zaghwen nord,ain zaghwen nord,1000,265000,,2 octobre 2024,S+1,RDC,1,1,,Oui,,Oui,Oui,,Oui,,,,,,,
behya.tn,https://www.behya.tn/tunisie-annonces/appartement-s1-a-ain-zaghouan-el-wahat-mav1710/,Appartement,Tunis,ain zaghwene nord,ain zaghwene nord,1000,215000,,2 octobre 2024,S+1,,1,1,,,,,Oui,,,,,,,,,
behya.tn,https://www.behya.tn/tunisie-annonces/appartement-s3-a-jardins-de-carthage-mav1444/,Appartement,Tunis,JARDINS DE CARTHAGE,JARDINS DE CARTHAGE,1000,450000,,2 octobre 2024,S+3,,3,1,,,,Oui,Oui,Oui,Oui,,,,Oui,,,
behya.tn,https://www.behya.tn/tunisie-annonces/appartement-s3-aux-berges-du-lac-2-mav1716/,Appartement,Tunis,lac2,lac2,1000,900000,,27 septembre 2024,S+3,,3,1,,Oui,,Oui,Oui,,Oui,,,,,,,
behya.tn,https://www.behya.tn/tunisie-annonces/appartement-s1-a-laouina-mav1718/,Appartement,Tunis,laouina,laouina,1000,240000,,26 septembre 2024,S+1,,1,1,,,,Oui,Oui,,Oui,,,,Oui,,,
behya.tn,https://www.behya.tn/tunisie-annonces/appartement-s2-avec-jardin-a-la-marsa-mav1211/,Appartement,Tunis,la marsa,la marsa,2070,500000,,25 septembre 2024,S+2,RDC,2,1,,,,Oui,Oui,Oui,,,,,,,,
behya.tn,https://www.behya.tn/tunisie-annonces/appartement-s4-a-ain-zaghouan-el-wahat-mav1646-2/,Appartement,Tunis,ain zaghwene nord,ain zaghwene nord,1000,390000,,23 septembre 2024,S+4,,4,1,,Oui,,Oui,Oui,,Oui,,,,,,,
behya.tn,https://www.behya.tn/tunisie-annonces/appartement-s4-a-ain-zaghouan-el-wahat-mav1432/,Appartement,Tunis,ain zaghwene,ain zaghwene,1000,485000,,23 septembre 2024,S+4,,4,1,,Oui,,Oui,Oui,,,,,,Oui,,,
behya.tn,https://www.behya.tn/tunisie-annonces/appartement-s1-aux-jardins-de-carthage-mav1475-2/,Appartement,Tunis,jardins carthage,jardins carthage,1000,350000,,15 septembre 2024,S+1,,1,1,,Oui,,Oui,Oui,Oui,,,,,,,,
behya.tn,https://www.behya.tn/tunisie-annonces/appartement-s1-a-la-marsa-mav1709/,Appartement,Tunis,la marsa,la marsa,2070,595000,,15 septembre 2024,S+1,,1,1,,Oui,,Oui,Oui,,Oui,,,,Oui,,,
behya.tn,https://www.behya.tn/tunisie-annonces/appartement-s3-a-ain-zaghouan-nord-mav1575-2/,Appartement,Tunis,ain zaghwene nord,ain zaghwene nord,1000,580000,,10 septembre 2024,S+3,,3,1,,Oui,,Oui,Oui,,Oui,,,,,,,
behya.tn,https://www.behya.tn/tunisie-annonces/appartement-s2-a-ain-zaghouan-nord-mav1705/,Appartement,Tunis,ain zaghwene nord,ain zaghwene nord,1000,680000,,5 septembre 2024,S+2,,2,1,,Oui,,Oui,Oui,,Oui,,,,,,,
behya.tn,https://www.behya.tn/tunisie-annonces/appartement-s2-a-la-marsa-mav1602-2/,Appartement,Tunis,la marsa,la marsa,2070,285000,,5 septembre 2024,S+2,,2,1,,Oui,,Oui,Oui,,Oui,,,,Oui,,,
behya.tn,https://www.behya.tn/tunisie-annonces/appartement-s3-aux-jardins-de-carthage-mav1692-2/,Appartement,Tunis,jardins de crathage,jardins de crathage,1000,741000,,3 septembre 2024,S+3,,3,1,,,,Oui,Oui,Oui,Oui,,,Oui,Oui,,,
behya.tn,https://www.behya.tn/tunisie-annonces/penthouse-s3-a-jardins-de-carthage-zav1201/,Appartement,Tunis,jardins de carthage,jardins de carthage,1000,1800000,,24 août 2024,S+3,3,3,1,,Oui,,Oui,Oui,Oui,,,,Oui,,,,
behya.tn,https://www.behya.tn/tunisie-annonces/appartement-s3-a-ain-zaghouan-nord-mav1575/,Appartement,Tunis,ain zaghwene nord,ain zaghwene nord,1000,580000,,24 août 2024,S+3,,3,1,,Oui,,Oui,Oui,,Oui,,,,,,,
behya.tn,https://www.behya.tn/tunisie-annonces/appartement-s2-aux-jardins-de-carthage-zav1695/,Appartement,Tunis,jardins de carthage,jardins de carthage,1000,465000,,24 août 2024,S+2,,2,1,,Oui,,Oui,Oui,Oui,Oui,,,,Oui,,,
behya.tn,https://www.behya.tn/tunisie-annonces/appartement-s4-aux-berges-du-lac-1-mav1678/,Appartement,Tunis,lac1,lac1,1000,790000,,24 août 2024,S+4,,4,2,,Oui,,Oui,Oui,,Oui,,,,Oui,,,
behya.tn,https://www.behya.tn/tunisie-annonces/appartement-s2-aux-jardins-de-carthage-zav1265-3/,Appartement,Tunis,jardins de carthage,jardins de carthage,1000,610000,,24 août 2024,S+2,RDC,2,1,,Oui,,Oui,Oui,Oui,Oui,,,,Oui,,,
behya.tn,https://www.behya.tn/tunisie-annonces/penthouse-s3-avec-piscine-aux-berges-du-lac-2-mav1619/,Appartement,Tunis,lac2,lac2,1000,2000000,,24 août 2024,S+3,,3,1,,Oui,,Oui,Oui,,,,,Oui,,,,
behya.tn,https://www.behya.tn/tunisie-annonces/appartement-s3-aux-berges-du-lac-1-zav1357/,Appartement,Tunis,lac1,lac1,1000,580000,,24 août 2024,S+3,,3,1,,Oui,,Oui,Oui,,,,,,,,,
behya.tn,https://www.behya.tn/tunisie-annonces/appartement-s2-aux-berges-du-lac-1-zav1476/,Appartement,Tunis,lac1,lac1,1000,480000,,24 août 2024,S+2,,2,1,,Oui,,Oui,Oui,,,,,,,,,
behya.tn,https://www.behya.tn/tunisie-annonces/appartement-s2-a-la-soukra-zav1699/,Appartement,Ariana,la soukra,la soukra,ariana,450000,,20 août 2024,S+2,,2,1,,Oui,,Oui,Oui,,Oui,,,,Oui,,,
behya.tn,https://www.behya.tn/tunisie-annonces/appartement-s3-aux-berges-du-lac-2-mav1702/,Appartement,Tunis,lac2,lac2,1000,790000,,20 août 2024,S+3,,3,1,,Oui,,Oui,Oui,,,,,,Oui,,,
behya.tn,https://www.behya.tn/tunisie-annonces/appartement-s3-avec-terrasse-a-la-marsa-mav1631/,Appartement,Tunis,la marsa,la marsa,2070,950000,,20 août 2024,S+3,RDC,3,1,,Oui,,Oui,Oui,,,,,,Oui,,,
behya.tn,https://www.behya.tn/tunisie-annonces/appartement-s2-aux-jdc/,Appartement,Tunis,jardins de carthage,jardins de carthage,1000,465000,,9 août 2024,S+2,,2,1,,Oui,,Oui,Oui,Oui,Oui,,,,Oui,,,
behya.tn,https://www.behya.tn/tunisie-annonces/appartement-s2-aux-berges-du-lac-2-zav1657/,Appartement,Tunis,lac2,lac2,1000,480000,,6 août 2024,S+2,,2,1,,Oui,,Oui,Oui,,Oui,,,,,,,
behya.tn,https://www.behya.tn/tunisie-annonces/appartement-s1-a-ain-zaghouan-nord-zav1453/,Appartement,Tunis,ain zaghwene,ain zaghwene,1000,400000,,28 juillet 2024,S+1,,1,1,,Oui,Oui,Oui,Oui,,Oui,,,,,,,
behya.tn,https://www.behya.tn/tunisie-annonces/appartement-s1-aux-jardins-de-carthage-mav1481/,Appartement,Tunis,jardins de carthage,jardins de carthage,1000,310000,,17 juillet 2024,S+1,,1,1,,Oui,,Oui,Oui,Oui,,,,,,,,
behya.tn,https://www.behya.tn/tunisie-annonces/appartement-s0-meuble-aux-jardins-de-carthage-mav1675/,Appartement,Tunis,jardins de carthage,jardins de carthage,1000,300000,,17 juillet 2024,S+0,,0,1,,,Oui,Oui,Oui,Oui,,,,Oui,Oui,,,
behya.tn,https://www.behya.tn/tunisie-annonces/appartement-s1-a-ain-zaghouan-nord-mav1592/,Appartement,Tunis,ain zaghwene nord,ain zaghwene nord,1000,210000,,17 juillet 2024,S+1,,1,1,,,,Oui,Oui,,Oui,,,,,,,
behya.tn,https://www.behya.tn/tunisie-annonces/appartement-s1-a-ain-zaghouan-nord/,Appartement,Tunis,ain zaghwene,ain zaghwene,1000,285000,,17 juillet 2024,S+1,,1,1,,Oui,,Oui,Oui,,Oui,,,,,,,
behya.tn,https://www.behya.tn/tunisie-annonces/appartement-s4-vue-sur-lac-aux-berges-du-lac-1-mal0786/,Appartement,Tunis,lac1,lac1,1000,5500,,17 juillet 2024,S+4,,4,1,,Oui,,Oui,Oui,,Oui,,,,,,,
behya.tn,https://www.behya.tn/tunisie-annonces/duplex-s3-avec-jardin-a-la-marsa-mdv0153/,Appartement,Tunis,la marsa,la marsa,2070,675000,,17 juillet 2024,S+3,RDC,3,1,,,,Oui,Oui,Oui,Oui,,,,,,,
behya.tn,https://www.behya.tn/tunisie-annonces/appartement-s2-aux-jardins-de-carthage/,Appartement,Tunis,jardins de carthage,jardins de carthage,1000,577000,,15 juillet 2024,S+2,,2,1,,Oui,,Oui,Oui,Oui,Oui,,,,,,,
behya.tn,https://www.behya.tn/tunisie-annonces/appartement-s3-aux-jardins-de-carthage-zav1423/,Appartement,Tunis,jardins de carthage,jardins de carthage,1000,706500,,15 juillet 2024,S+3,,3,1,,Oui,,Oui,Oui,Oui,Oui,,,,,,,
behya.tn,https://www.behya.tn/tunisie-annonces/appartement-s3-a-ain-zaghouan-nord-mav1623/,Appartement,Tunis,ain zaghwene nord,ain zaghwene nord,1000,500000,,12 juillet 2024,S+3,,3,1,,Oui,,Oui,Oui,,Oui,,,,Oui,,,
behya.tn,https://www.behya.tn/tunisie-annonces/appartement-s2-a-ain-zaghouan-nord-mav1579-2/,Appartement,Tunis,ain zaghwene nord,ain zaghwene nord,1000,520000,,12 juillet 2024,S+2,,2,1,,Oui,,Oui,Oui,,Oui,,,,,,,
behya.tn,https://www.behya.tn/tunisie-annonces/appartement-s2-a-ain-zaghouan-nord-mav1579/,Appartement,Tunis,ain zaghwene,ain zaghwene,1000,500000,,12 juillet 2024,S+2,,2,1,,Oui,,Oui,Oui,,Oui,,,,,,,
behya.tn,https://www.behya.tn/tunisie-annonces/appartement-s3-aux-jardins-de-carthage-mav1210/,Appartement,Tunis,jardins de carthage,jardins de carthage,1000,930000,,12 juillet 2024,S+3,,3,1,,Oui,,Oui,Oui,Oui,Oui,,,,,,,
behya.tn,https://www.behya.tn/tunisie-annonces/appartement-s2-aux-jardins-de-carthage-mav1411-2/,Appartement,Tunis,jardins de carthage,jardins de carthage,1000,435000,,12 juillet 2024,S+2,,2,1,,Oui,,Oui,Oui,Oui,,,,,,,,
behya.tn,https://www.behya.tn/tunisie-annonces/appartement-s1-aux-jardins-de-carthage-mav1656-2/,Appartement,Tunis,jardins de carthage,jardins de carthage,1000,440000,,12 juillet 2024,S+1,,1,1,,Oui,,Oui,Oui,Oui,,,,,Oui,,,
behya.tn,https://www.behya.tn/tunisie-annonces/appartement-s2-a-sidi-daoud-la-marsa-mav1531/,Appartement,Tunis,la marsa,la marsa,2070,600000,,12 juillet 2024,S+2,,2,1,,,,Oui,Oui,,,,,,,,,
behya.tn,https://www.behya.tn/tunisie-annonces/appartement-s0-a-la-goulette-cote-mer-mav1179/,Appartement,Tunis,la goulette,la goulette,2060,105000,,9 juillet 2024,S0,RDC,0,1,,,,Oui,Oui,,,,,,,Oui,,
behya.tn,https://www.behya.tn/tunisie-annonces/appartement-s2-aux-berges-du-lac-1/,Appartement,Tunis,lac1,lac1,1000,900000,,7 juillet 2024,S+2,RDC,2,1,,Oui,,Oui,Oui,Oui,,,,,Oui,,,
behya.tn,https://www.behya.tn/tunisie-annonces/duplex-s3-avec-jardin-a-la-marsa-mtrl0095/,Appartement,Tunis,la marsa,la marsa,2070,2000,,7 juillet 2024,S+3,RDC,3,1,,,,Oui,Oui,Oui,,,,,,,,
behya.tn,https://www.behya.tn/tunisie-annonces/appartement-s3-a-la-marsa-mav1509/,Appartement,Tunis,la marsa,la marsa,2070,680000,,5 juillet 2024,S+3,,3,1,,Oui,,Oui,Oui,,,,,,,,,
behya.tn,https://www.behya.tn/tunisie-annonces/appartement-s2-a-la-soukra-mav1482/,Appartement,Ariana,la soukra,la soukra,ariana,380000,,22 juin 2024,S+2,,2,1,,Oui,,Oui,Oui,,Oui,,,,Oui,,,
behya.tn,https://www.behya.tn/tunisie-annonces/appartement-s3-a-ain-zaghouan-nord-zav1625/,Appartement,Tunis,ain zaghwene,ain zaghwene,1000,660000,,15 juin 2024,S+3,,3,1,,Oui,,Oui,Oui,,Oui,,,,Oui,,,
behya.tn,https://www.behya.tn/tunisie-annonces/a-vendre-un-appartement-s1-au-lac-2/,Appartement,Tunis,lac 2,lac 2,1000,430000,81,12 juin 2024,S+1,2,1,1,Oui,Oui,,Oui,Oui,,Oui,,,,,,,
behya.tn,https://www.behya.tn/tunisie-annonces/appartement-s2-avec-jardin-a-ain-zaghouan-mav1543/,Appartement,Tunis,ain zaghwene,ain zaghwene,1000,460000,,9 juin 2024,S+2,RDC,2,1,,Oui,,Oui,Oui,Oui,,,,,,,,
behya.tn,https://www.behya.tn/tunisie-annonces/appartement-s3-a-la-soukra-mav1672/,Appartement,Ariana,la soukra,la soukra,ariana,600000,,2 juin 2024,S+3,,3,1,,Oui,,Oui,Oui,,Oui,,,,Oui,,,
behya.tn,https://www.behya.tn/tunisie-annonces/appartement-s3-vue-sur-lac-aux-berges-du-lac-2-zav1386/,Appartement,Tunis,lac2,lac2,1000,1170000,,28 mai 2024,S+3,,3,1,,Oui,,Oui,Oui,,,,,,Oui,,,
behya.tn,https://www.behya.tn/tunisie-annonces/appartement-s3-a-la-soukra-mav1452/,Appartement,Ariana,la soukra,la soukra,ariana,650000,,28 mai 2024,S+3,,3,1,,Oui,,Oui,Oui,,Oui,,,,,,,
behya.tn,https://www.behya.tn/tunisie-annonces/appartement-s4-aux-jardins-de-carthage-zav1536/,Appartement,Tunis,jardins de carthage,jardins de carthage,1000,550000,,28 mai 2024,S+4,,4,1,,Oui,,,Oui,Oui,Oui,,,,,,,
behya.tn,https://www.behya.tn/tunisie-annonces/appartement-s2-aux-berges-du-lac-2-zav1385/,Appartement,Tunis,lac2,lac2,1000,840000,,23 mai 2024,S+2,,2,1,,Oui,,Oui,Oui,,Oui,,,,Oui,,,
behya.tn,https://www.behya.tn/tunisie-annonces/appartement-s2-a-la-marsa-mav1660/,Appartement,Tunis,la marsa,la marsa,2070,320000,91,4 mai 2024,S+2,RDC,2,1,,,,Oui,Oui,Oui,Oui,,,,,,,
behya.tn,https://www.behya.tn/tunisie-annonces/appartement-s1-aux-jardins-de-carthage-mav1462/,Appartement,Tunis,jardins de carthage,jardins de carthage,1000,420000,,24 avril 2024,S+1,,1,1,,,,Oui,Oui,Oui,,,,,,,,
behya.tn,https://www.behya.tn/tunisie-annonces/appartement-s2-aux-berges-du-lac-2zav1657/,Appartement,Tunis,lac2,lac2,1000,480000,,24 avril 2024,S+2,,2,1,,Oui,,Oui,Oui,,Oui,,,,,,,
behya.tn,https://www.behya.tn/tunisie-annonces/appartement-s1-aux-jardins-de-carthage-mav1475/,Appartement,Tunis,jardins de carthage,jardins de carthage,1000,350000,,23 avril 2024,S+1,,1,1,,Oui,,Oui,Oui,Oui,,,,,,,,
behya.tn,https://www.behya.tn/tunisie-annonces/appartement-s1-aux-jardins-de-carthage-zav1564/,Appartement,Tunis,jardin de carthage,jardin de carthage,1000,452000,,23 avril 2024,S+1,RDC,1,1,,Oui,,Oui,Oui,Oui,,,,,Oui,,,
behya.tn,https://www.behya.tn/tunisie-annonces/appartement-s2-aux-jardins-de-carthage-zav1265-2/,Appartement,Tunis,jardins de carthage,jardins de carthage,1000,650000,,23 avril 2024,S+2,RDC,2,1,,Oui,,Oui,Oui,Oui,Oui,,,,Oui,,,
behya.tn,https://www.behya.tn/tunisie-annonces/appartement-meuble-s1-a-les-berges-du-lac-1-mal0025/,Appartement,Tunis,lac1,lac1,1000,1500,,23 avril 2024,S+1,,1,1,,,Oui,Oui,,,,,,,,,,
behya.tn,https://www.behya.tn/tunisie-annonces/appartement-s2-aux-jardins-de-carthage-mav1411/,Appartement,Tunis,jardin de carthage,jardin de carthage,1000,420000,,23 avril 2024,S+2,,2,1,,Oui,,Oui,Oui,Oui,,,,,,,,
behya.tn,https://www.behya.tn/tunisie-annonces/appartement-s2-aux-jardins-de-carthage-zav1265/,Appartement,Tunis,jardin de carthage,jardin de carthage,1000,650000,,23 avril 2024,S+2,RDC,2,1,,Oui,,Oui,Oui,Oui,Oui,,,,Oui,,,
behya.tn,https://www.behya.tn/tunisie-annonces/luxueux-appartement-s2-directe-promoteur/,Appartement,Tunis,les jardins de carthage,les jardins de carthage,1000,550000,,23 avril 2024,S2,,2,1,,Oui,,,,Oui,,,,Oui,Oui,,,
behya.tn,https://www.behya.tn/tunisie-annonces/appartement-s3-avec-piscine-et-jardin-aux-jardins-de-carthage-zav1266/,Appartement,Tunis,jardins de carthage,jardins de carthage,1000,1150000,,23 avril 2024,S+3,,3,1,,Oui,,Oui,Oui,Oui,Oui,,,Oui,,,,
behya.tn,https://www.behya.tn/tunisie-annonces/appartement-s2-aux-jardins-de-carthage-mav1652/,Appartement,Tunis,JARDINS DE CARTHAGE,JARDINS DE CARTHAGE,1000,720000,,23 avril 2024,S+2,,2,1,,Oui,,Oui,Oui,Oui,Oui,,,,Oui,,,
behya.tn,https://www.behya.tn/tunisie-annonces/appartement-s1-aux-jardins-de-carthage-mav1656/,Appartement,Tunis,jardin de carthage,jardin de carthage,1000,440000,,23 avril 2024,S+1,,1,1,,Oui,,Oui,Oui,Oui,,,,,Oui,,,
behya.tn,https://www.behya.tn/tunisie-annonces/appartement-s3-vue-sur-mer-a-la-goulette-mav1508/,Appartement,Tunis,la goulette,la goulette,2060,720000,,18 avril 2024,S+3,,3,1,,Oui,,Oui,Oui,,,,,,,Oui,,
behya.tn,https://www.behya.tn/tunisie-annonces/duplex-s4-vue-sur-mer-a-la-goulette-mdv0122/,Appartement,Tunis,la goulette,la goulette,2060,700000,,18 avril 2024,S+4,RDC,4,1,,,,Oui,Oui,,Oui,,,,,Oui,,
behya.tn,https://www.behya.tn/tunisie-annonces/duplex-s4-avec-jardin-a-ain-zaghouan-nord-mdv0117/,Appartement,Tunis,ain zaghwene,ain zaghwene,1000,485000,,18 avril 2024,S+4,RDC,4,1,,,,Oui,Oui,Oui,,,,,,,,
behya.tn,https://www.behya.tn/tunisie-annonces/duplex-s3-a-ain-zaghouan-mdv0096/,Appartement,Tunis,a la marsa,a la marsa,1000,500000,,18 avril 2024,S+3,RDC,3,1,,,,Oui,Oui,,,,,,Oui,,,
behya.tn,https://www.behya.tn/tunisie-annonces/triplex-s4-avec-piscine-a-la-marsa-mtrv0016/,Appartement,Tunis,la marsa,la marsa,2070,0,,17 avril 2024,S+4,RDC,4,1,,,,Oui,Oui,Oui,,Haut,,Oui,Oui,,,
behya.tn,https://www.behya.tn/tunisie-annonces/triplex-s4-aux-berges-du-lac-2-mtrv0035/,Appartement,Tunis,lac2,lac2,1000,2650000,,17 avril 2024,S+4,RDC,4,1,,,,Oui,Oui,,Oui,,,,,,,
behya.tn,https://www.behya.tn/tunisie-annonces/un-triplex-s6-a-gammarth-superieur-mtrv0007/,Appartement,Tunis,gmmarth,gmmarth,1000,800000,,17 avril 2024,S+6,RDC,6,1,,,,Oui,Oui,Oui,,,,,,,,
behya.tn,https://www.behya.tn/tunisie-annonces/triplex-s4-a-la-soukra-mtrv0023/,Appartement,Ariana,la soukra,la soukra,ariana,760000,,17 avril 2024,S+4,RDC,4,1,,Oui,,Oui,Oui,Oui,,,,,,,,
behya.tn,https://www.behya.tn/tunisie-annonces/triplex-s4-avec-jardin-a-la-soukra-ztrv0042/,Appartement,Ariana,la soukra,la soukra,ariana,800000,,17 avril 2024,S+4,RDC,4,1,,,,Oui,Oui,Oui,Oui,,,,Oui,,,
behya.tn,https://www.behya.tn/tunisie-annonces/appartement-s1-a-ain-zaghouan-sud-mav1647/,Appartement,Tunis,ain zaghwen,ain zaghwen,1000,373250,,12 avril 2024,S+1,,1,1,,Oui,,Oui,Oui,,,,,,Oui,,,
behya.tn,https://www.behya.tn/tunisie-annonces/appartement-s3-a-ain-zaghouan-sud-mav1649/,Appartement,Tunis,ain zaghwen,ain zaghwen,1000,985000,,29 mars 2024,S+3,,3,1,,,,Oui,Oui,,Oui,,,,Oui,,,
behya.tn,https://www.behya.tn/tunisie-annonces/appartement-s2-a-ain-zaghouan-sud-mav1648/,Appartement,Tunis,ain zaghwene sud,ain zaghwene sud,1000,714000,,29 mars 2024,S+2,,2,1,,Oui,,Oui,Oui,,Oui,,,,Oui,,,
behya.tn,https://www.behya.tn/tunisie-annonces/appartement-s4-a-ain-zaghouan-el-wahat-mav1646/,Appartement,Tunis,ain zaghwen el wahete,ain zaghwen el wahete,1000,400000,,22 mars 2024,S+4,,4,1,,Oui,,Oui,Oui,,Oui,,,,,,,
behya.tn,https://www.behya.tn/tunisie-annonces/duplex-s2-avec-jardin-au-lac-2-mdv0076/,Appartement,Tunis,Les Berges Du Lac 2,Les Berges Du Lac 2,1000,650000,,2 février 2024,S+2,,2,1,,Oui,,Oui,Oui,Oui,,,,,,,,
behya.tn,https://www.behya.tn/tunisie-annonces/triplex-s4-avec-jardin-mtrv0039/,Appartement,Tunis,La Marsa,La Marsa,2070,900000,,2 février 2024,S+4,RDC,4,1,,,,Oui,Oui,Oui,,,,,,,,
behya.tn,https://www.behya.tn/tunisie-annonces/duplex-s5-avec-terrasse-et-piscine-a-la-soukra-mvv0343/,Appartement,Ariana,La Soukra,La Soukra,ariana,1250000,,25 janvier 2024,S+5,RDC,5,1,,,,Oui,Oui,,Oui,,,Oui,,,,
behya.tn,https://www.behya.tn/tunisie-annonces/appartement-s2-avec-jardin-et-piscine-mav1554/,Appartement,Tunis,La Marsa,La Marsa,2070,2200000,,20 janvier 2024,S+2,RDC,2,1,,Oui,,Oui,Oui,Oui,,,,Oui,,,,
behya.tn,https://www.behya.tn/tunisie-annonces/appartement-s1-a-la-marsa-mav1613/,Appartement,Tunis,La Marsa,La Marsa,2070,320000,,10 janvier 2024,S+1,,1,1,,Oui,,Oui,Oui,,,,,,,,,
behya.tn,https://www.behya.tn/tunisie-annonces/appartement-s2-a-gammarth-mav1418/,Appartement,Tunis,Gammarth,Gammarth,1000,380000,,9 janvier 2024,S+2,,2,1,,Oui,,Oui,Oui,,Oui,,,,Oui,,,
behya.tn,https://www.behya.tn/tunisie-annonces/triplex-s3-avec-jardin-et-piscine-a-la-marsa-ztrv0041/,Appartement,Tunis,La Marsa,La Marsa,2070,2300000,,9 janvier 2024,S+3,RDC,3,1,,,,Oui,Oui,Oui,,,,Oui,,,,
behya.tn,https://www.behya.tn/tunisie-annonces/duplex-s3-avec-jardin-et-piscine-aux-berges-du-lac-2-mdv0121/,Appartement,Tunis,Les Berges Du Lac 2,Les Berges Du Lac 2,1000,1650000,,9 janvier 2024,S+3,RDC,3,1,,Oui,,Oui,Oui,Oui,,,,Oui,,,,
behya.tn,https://www.behya.tn/tunisie-annonces/appartement-s4-avec-terrasse-aux-jardins-de-carthage-mav1610/,Appartement,Tunis,Jardins De Carthage,Jardins De Carthage,1000,1200000,,9 janvier 2024,S+4,,4,1,,Oui,,Oui,Oui,Oui,,,,,,,,
behya.tn,https://www.behya.tn/tunisie-annonces/des-appartements-a-kerkouane/,Appartement,Nabeul,kerkoane,kerkoane,8000,200000,135,8 janvier 2024,S+2,RDC,2,,,,,,,,,,,,,,Bleu,
behya.tn,https://www.behya.tn/tunisie-annonces/duplex-s3-avec-terrasse-a-la-marsa-zdv0100/,Appartement,Tunis,La Marsa,La Marsa,2070,550000,,6 janvier 2024,S+3,RDC,3,1,,,,Oui,Oui,Oui,,,,,,,,
behya.tn,https://www.behya.tn/tunisie-annonces/appartement-s2-a-la-marsa-zav1591/,Appartement,Tunis,La Marsa,La Marsa,2070,530000,,29 décembre 2023,S+2,RDC,2,1,,Oui,,Oui,Oui,,Oui,,,,Oui,,,
behya.tn,https://www.behya.tn/tunisie-annonces/appartement-s1-a-ain-zaghouan-nord-mav1580/,Appartement,Tunis,Ain Zaghouan Nord,Ain Zaghouan Nord,1000,275000,,29 décembre 2023,S+1,,1,1,,Oui,,Oui,Oui,,Oui,,,,,,,
behya.tn,https://www.behya.tn/tunisie-annonces/appartement-s1-a-ain-zaghouan-mav1592/,Appartement,Tunis,Ain Zaghouan Nord,Ain Zaghouan Nord,1000,280000,,29 décembre 2023,S+1,,1,1,,Oui,,Oui,Oui,,Oui,,,,,,,
behya.tn,https://www.behya.tn/tunisie-annonces/appartement-s4-a-ain-zaghouan-nord-mav1598/,Appartement,Tunis,Ain Zaghouan Nord,Ain Zaghouan Nord,1000,740000,,29 décembre 2023,S+4,,4,1,,Oui,,Oui,Oui,,Oui,,,,Oui,,,
behya.tn,https://www.behya.tn/tunisie-annonces/appartement-meuble-s1-avec-jardin-a-la-marsa-mav1563/,Appartement,Tunis,La Marsa,La Marsa,2070,430000,,29 décembre 2023,S+1,RDC,1,1,,,Oui,Oui,Oui,Oui,,,,,,,,
behya.tn,https://www.behya.tn/tunisie-annonces/appartement-s2-a-la-marsa-mav1602/,Appartement,Tunis,La Marsa,La Marsa,2070,270000,,29 décembre 2023,S+2,,2,1,,Oui,,Oui,Oui,,Oui,,,,Oui,,,
behya.tn,https://www.behya.tn/tunisie-annonces/appartement-s3-avec-jardin-a-gammarth-mav1600/,Appartement,Tunis,Gammarth,Gammarth,1000,1200000,,29 décembre 2023,S+3,RDC,3,1,,Oui,,Oui,Oui,Oui,,,,,,,,
behya.tn,https://www.behya.tn/tunisie-annonces/duplex-s4-a-la-marsa-mdv0138/,Appartement,Tunis,La Marsa,La Marsa,2070,430000,,28 décembre 2023,S+4,RDC,4,1,,,,,,,,,,,,,,
behya.tn,https://www.behya.tn/tunisie-annonces/appartement-s2-aux-jardins-de-carthage-mav1606/,Appartement,Tunis,Jardins De Carthage,Jardins De Carthage,1000,450000,,28 décembre 2023,S+2,,2,1,,Oui,,Oui,Oui,Oui,Oui,,,,,,,
behya.tn,https://www.behya.tn/tunisie-annonces/appartement-s2-aux-jardins-de-carthage-zav1599/,Appartement,Tunis,Jardins De Carthage,Jardins De Carthage,1000,600000,,26 décembre 2023,S+2,,2,1,,Oui,,Oui,Oui,Oui,,,,,,,,
behya.tn,https://www.behya.tn/tunisie-annonces/duplex-s3-avec-jardin-a-ain-zaghouan-mdv0137/,Appartement,Tunis,Ain Zaghouan,Ain Zaghouan,1000,550000,,26 décembre 2023,S+3,RDC,3,1,,,,Oui,Oui,Oui,,,,,,,,
behya.tn,https://www.behya.tn/tunisie-annonces/un-appartement-s4-aux-berges-du-lac-mav1153/,Appartement,Tunis,Les Berges Du Lac 2,Les Berges Du Lac 2,1000,1200000,,25 décembre 2023,S+4,,4,1,,Oui,,Oui,Oui,,,,,,,,,
behya.tn,https://www.behya.tn/tunisie-annonces/un-appartement-s2-a-ain-zaghouan-nord-mav1604/,Appartement,Tunis,ain zaghouan,ain zaghouan,1000,647500,,23 décembre 2023,S+2,,2,1,,Oui,,Oui,Oui,,,,,Oui,Oui,,,
behya.tn,https://www.behya.tn/tunisie-annonces/un-appartement-s4-a-ain-zaghouan-nord-mav1598/,Appartement,Tunis,ain zaghouan nord,ain zaghouan nord,1000,740000,,7 décembre 2023,S4,,4,1,,Oui,,Oui,Oui,,Oui,,,,Oui,,,
behya.tn,https://www.behya.tn/tunisie-annonces/un-appartement-s1-a-ain-zaghouan-nord-mav1520/,Appartement,Tunis,ain zaghouan nord,ain zaghouan nord,1000,319000,,6 décembre 2023,S1,RDC,1,1,,Oui,,Oui,Oui,,,,,,Oui,,,
behya.tn,https://www.behya.tn/tunisie-annonces/un-appatement-s1-a-ain-zaghouan-nord-mav1592/,Appartement,Tunis,ain zaghouan nord,ain zaghouan nord,1000,280000,,5 décembre 2023,S1,,1,1,,Oui,,Oui,Oui,,Oui,,,,,,,
behya.tn,https://www.behya.tn/tunisie-annonces/apparemment-rue-du-sahel/,Appartement,Tunis,rue du sahel Montfleury,rue du sahel Montfleury,1000,180000,105,3 décembre 2023,,,2,1,,,,,,,Oui,,,,,,,
behya.tn,https://www.behya.tn/tunisie-annonces/un-appartement-s1-a-ain-zaghouan-nord-mav1580/,Appartement,Tunis,ain zaghouan nord,ain zaghouan nord,1000,275000,,25 novembre 2023,S1,,1,1,,Oui,,Oui,Oui,,Oui,,,,,,,
behya.tn,https://www.behya.tn/tunisie-annonces/appartement-a-vendre-2/,Appartement,Nabeul,dar allouch,dar allouch,8000,300000,293,16 novembre 2023,,2,2,1,,,Oui,Oui,,,,Haut,,,,Oui,Bleu,
behya.tn,https://www.behya.tn/tunisie-annonces/appartement-avec-un-studio-a-vendre-2/,Appartement,Nabeul,dar allouch,dar allouch,8000,320000,293,16 novembre 2023,S+2,,2,,,,Oui,Oui,,,,,,,,Oui,Bleu,
behya.tn,https://www.behya.tn/tunisie-annonces/appartement-avec-un-studio-a-vendre/,Appartement,Nabeul,dar allouch,dar allouch,8000,320,293,16 novembre 2023,S+3,,3,,,,Oui,Oui,,,,,,,,Oui,,
behya.tn,https://www.behya.tn/tunisie-annonces/lancement-de-bousten-3-lexcellence-au-bord-de-la-plage-de-hammamet/,Appartement,Nabeul,Hammamet 8050 Nabeul,Hammamet 8050 Nabeul,8000,260000,,2 novembre 2023,S+1,,1,,,,,,,,,Haut,,,,Oui,,
behya.tn,https://www.behya.tn/tunisie-annonces/appartement-s1-a-ain-zaghouan-el-wahat-mav1547/,Appartement,Tunis,ain zaghouan el wahat,ain zaghouan el wahat,1000,210000,,5 octobre 2023,S+1,,1,1,,,,Oui,Oui,,,,,,,,,
behya.tn,https://www.behya.tn/tunisie-annonces/avendrebenarousappartement/,Appartement,Ben Arous,Ben arous,Ben arous,2013,180000,,5 octobre 2023,S+3,,3,1,Oui,Oui,,Oui,Oui,,Oui,,,,Oui,,,
behya.tn,https://www.behya.tn/tunisie-annonces/appartement-s1-a-ain-zaghouan-nord-mav1538/,Appartement,Tunis,ain zaghouan nord,ain zaghouan nord,1000,260000,,5 octobre 2023,S+1,,1,1,,,,Oui,Oui,,Oui,,,,,,,
behya.tn,https://www.behya.tn/tunisie-annonces/appartement-s1-a-ain-zaghouan-zav1552/,Appartement,Tunis,ain zaghouan,ain zaghouan,1000,245000,,5 octobre 2023,S+1,RDC,1,1,,Oui,,Oui,Oui,,Oui,,,,Oui,,,
behya.tn,https://www.behya.tn/tunisie-annonces/appartrement-s3-aux-berges-du-lac-2-zav1046/,Appartement,Tunis,280,280,1000,1400000,,5 octobre 2023,S+3,,3,1,,Oui,,Oui,Oui,,Oui,,,,,,,
behya.tn,https://www.behya.tn/tunisie-annonces/avendrebenarousappartement-madinajadida/,Appartement,Ben Arous,madina jadida,madina jadida,2013,245000000,127,5 octobre 2023,S+3,4,3,1,,,,,Oui,,Oui,Haut,,,Oui,,,
behya.tn,https://www.behya.tn/tunisie-annonces/av-appartement-bien-meuble-a-hammamet-sud/,Appartement,Nabeul,Hammamet sud,Hammamet sud,8000,140000,,22 août 2023,S+1,,1,,,,Oui,,,,,,,,,Oui,,
behya.tn,https://www.behya.tn/tunisie-annonces/bonne-occasion-s2-meuble-pas-loin-de-la-mer/,Appartement,Nabeul,Hammamet sud,Hammamet sud,8000,90000,,22 août 2023,S2,RDC,2,,,,Oui,,,,,,,,,Oui,,
behya.tn,https://www.behya.tn/tunisie-annonces/occasion-rare-appartement-meuble-av-a-hammamet-sud/,Appartement,Nabeul,Hammamet sud,Hammamet sud,8000,100000,,22 août 2023,,,2,1,,,Oui,,,,,,,,,Oui,,
behya.tn,https://www.behya.tn/tunisie-annonces/vente-appartement-de-4-pieces-a-le-kram-ouest/,Appartement,Tunis,LE KRAM OUEST,LE KRAM OUEST,1000,150000,110,26 juillet 2023,,,3,1,,,,,,,Oui,,,,,,,
behya.tn,https://www.behya.tn/tunisie-annonces/appartement-5/,Appartement,Nabeul,mrezga,mrezga,8000,430,,22 juin 2023,,,,,,,,,,,,,,,,,,
behya.tn,https://www.behya.tn/tunisie-annonces/appartement-4/,Appartement,Tunis,Cité el Maaredh,Cité el Maaredh,1000,35000,,25 mai 2023,,,,,,,,,,,,,,,,,,
behya.tn,https://www.behya.tn/tunisie-annonces/a-vendre-appartement-s3/,Appartement,Ben Arous,Ezzahra,Ezzahra,2034,160000,,15 mai 2023,S+3,3,3,,Oui,,,,,,,,,,,,,
behya.tn,https://www.behya.tn/tunisie-annonces/residence-la-perle-votre-oasis-de-luxe-a-sahloul-4-sousse/,Appartement,Sousse,Sahloul 4,Sahloul 4,4000,245000,,25 avril 2023,S+1,,1,,,,,,,Oui,,Haut,,Oui,,,,
behya.tn,https://www.behya.tn/tunisie-annonces/appartement-s3/,Appartement,Tunis,Av. Khaled Ibn El Walid,Av. Khaled Ibn El Walid,1000,620000,,2 mars 2023,S+3,,3,2,,Oui,,,,,,Haut,,,Oui,,,
behya.tn,https://www.behya.tn/tunisie-annonces/appartement-3/,Appartement,Tunis,Cité el Maaredh,Cité el Maaredh,1000,25000,,24 janvier 2023,,,,,,,,,,,,,,,,,,
behya.tn,https://www.behya.tn/tunisie-annonces/a-vendre-un-appartement-s3-premier-main/,Appartement,Ben Arous,Rades meliane,Rades meliane,2013,0,176,20 janvier 2023,S+3,,3,1,,Oui,,,Oui,,,Haut,,,Oui,,,
behya.tn,https://www.behya.tn/tunisie-annonces/deux-appartement-voisin-a-rades-meliane/,Appartement,Ben Arous,Rades meliana,Rades meliana,2013,160000,125,19 janvier 2023,S+2,,2,1,,,,,,,,,,,,,,
behya.tn,https://www.behya.tn/tunisie-annonces/residence-costa-des-appartements-front-de-mer/,Appartement,Sousse,chott Meriem,chott Meriem,4000,375000,,19 janvier 2023,S+2,,2,,,,,,,,,Haut,,,,Oui,,
behya.tn,https://www.behya.tn/tunisie-annonces/des-appartements-de-reve-dans-la-residence-bousten-a-hammamet/,Appartement,Nabeul,Hammamet sud,Hammamet sud,8000,390000,,19 janvier 2023,S+2,,2,,,,,,,,,Haut,,,,,,
behya.tn,https://www.behya.tn/tunisie-annonces/a-vendre-bureau-a-montplaisir-tunis/,Appartement,Tunis,,,N/A,0,,19 janvier 2023,,,,,,,,,,,,,,,,,,
behya.tn,https://www.behya.tn/tunisie-annonces/appartement-a-cite-ezzohour/,Appartement,Tunis,,,N/A,85000,,16 janvier 2023,,,,,,,,,,,,,,,,,,
behya.tn,https://www.behya.tn/tunisie-annonces/appartement-102-m%c2%b2-a-cite-hedi-nouira-ariana/,Appartement,Ariana,cite hedi nouira ariana,cite hedi nouira ariana,2080,210000,102,14 novembre 2022,,,1,1,Oui,Oui,,,Oui,Oui,Oui,,,,,,,
behya.tn,https://www.behya.tn/tunisie-annonces/deux-appartements-a-vendre-kelibia-jinen-el-mansoura/,Appartement,Nabeul,Kélibia,Kélibia,8090,135000,130,10 novembre 2022,,2,,,,,,,,,,Haut,,,,Oui,,
behya.tn,https://www.behya.tn/tunisie-annonces/s1-a-vendre-jardins-de-carthage/,Appartement,Tunis,jardin de carthage,jardin de carthage,1000,330000,87,11 octobre 2022,S+1,,1,1,,Oui,,Oui,Oui,Oui,,Haut,,,Oui,,,
behya.tn,https://www.behya.tn/tunisie-annonces/proprietaire-vend-apt-s2-etat-neuf-ennasr2-3/,Appartement,Tunis,Jardin de L'AOUINA proche lac2,Jardin de L'AOUINA proche lac2,1000,1400,,30 septembre 2022,S2,5,2,1,,,Oui,Oui,Oui,Oui,Oui,Haut,,,,,,
behya.tn,https://www.behya.tn/tunisie-annonces/appartement-a-soukra-a-vendre/,Appartement,Ariana,La Soukra,La Soukra,ariana,290000000,,23 septembre 2022,S+2,,2,1,Oui,Oui,,,Oui,Oui,Oui,Haut,,,,,,
behya.tn,https://www.behya.tn/tunisie-annonces/proprietaire-vend-apt-s2-etat-neuf-ennasr2-2/,Appartement,Ariana,2 Avenue L' Ère Nouvelle Cité Ennasr2 Ariana Tunisie,2 Avenue L' Ère Nouvelle Cité Ennasr2 Ariana Tunisie,2080,330000,113,17 septembre 2022,S2,1,2,1,Oui,Oui,,Oui,Oui,,Oui,,,,,,,
behya.tn,https://www.behya.tn/tunisie-annonces/appartement-s2-a-vendre-a-nabeul-51355351/,Appartement,Nabeul,Hammamet centre ville,Hammamet centre ville,8000,95000,,6 août 2022,S+2,,2,,,,,,,,,,,,,,,
behya.tn,https://www.behya.tn/tunisie-annonces/appartement-a-vendre-sur-plan/,Appartement,Nabeul,AFH mrezga,AFH mrezga,8000,294,10438,5 août 2022,S+2,,2,,Oui,,,,,Oui,,Haut,,Oui,,Oui,,
behya.tn,https://www.behya.tn/tunisie-annonces/appartement-2/,Appartement,Nabeul,Hammamet nord,Hammamet nord,8000,146000,57,5 août 2022,S+1,,1,,,,,Oui,Oui,,Oui,,,,,,,
behya.tn,https://www.behya.tn/tunisie-annonces/deux-appartements-a-vendre-a-280-md-51355351/,Appartement,Nabeul,Hammamet centre ville,Hammamet centre ville,8000,280000,108,4 août 2022,S+2,RDC,2,,,,,,,,,Haut,,,,,,
behya.tn,https://www.behya.tn/tunisie-annonces/un-joli-appartement-rdc-a-vendre-a-hammamet-nord-51355351/,Appartement,Nabeul,Hammamet centre ville,Hammamet centre ville,8000,0,775,2 août 2022,,RDC,,,,Oui,,,,,,Haut,,,,,,
behya.tn,https://www.behya.tn/tunisie-annonces/deux-appartements-a-vendre-a-tazarka-51355351/,Appartement,Nabeul,Hammamet centre ville,Hammamet centre ville,8000,280000,108,23 juillet 2022,S+2,RDC,2,,,,,,,,,Haut,,,,,,
behya.tn,https://www.behya.tn/tunisie-annonces/appartement-position-strategique/,Appartement,Ben Arous,Nouvelle Medina 3,Nouvelle Medina 3,2013,190000,120,23 juillet 2022,S+2,2,2,1,Oui,Oui,,,Oui,,,,,Oui,,,,
behya.tn,https://www.behya.tn/tunisie-annonces/vente-appartement/,Appartement,Ariana,EL MENZAH 4,EL MENZAH 4,2080,340000,120,20 juillet 2022,S+3,,3,,,Oui,,,,,,,,,,,,
behya.tn,https://www.behya.tn/tunisie-annonces/s3-a-vendre-a-ennour-jaafar/,Appartement,Ariana,Résidence Sinda et Nour,Résidence Sinda et Nour,2080,170000,,18 juillet 2022,S+3,,3,1,,Oui,,,Oui,Oui,,,,,,,,
behya.tn,https://www.behya.tn/tunisie-annonces/app-s3-residence-mabrouka/,Appartement,Ariana,app A4 cite mabrouka borj louzir,app A4 cite mabrouka borj louzir,2080,220000,,14 juillet 2022,S+3,,3,,,Oui,Oui,Oui,Oui,,,,,,,,,
behya.tn,https://www.behya.tn/tunisie-annonces/appartement-s2-de-151-m%c2%b2-a-afh-mrezga-854a/,Appartement,Nabeul,Cité ell Wafa,Cité ell Wafa,8000,1,151,11 juillet 2022,S2,,2,1,,,,Oui,,,Oui,,,,,,,
behya.tn,https://www.behya.tn/tunisie-annonces/appartement-s1-meuble-de-59-m%c2%b2-a-afh-mrezga-857a/,Appartement,Nabeul,Cité ell Wafa,Cité ell Wafa,8000,1,59,6 juillet 2022,S+1,,1,1,,Oui,Oui,Oui,Oui,,Oui,,,Oui,,,,
behya.tn,https://www.behya.tn/tunisie-annonces/appartement-s1-de-49-m%c2%b2-a-afh-mrezga-856a/,Appartement,Nabeul,Cité ell Wafa,Cité ell Wafa,8000,148500,49,6 juillet 2022,S+1,RDC,1,1,,Oui,,Oui,,,,,,,,,,
behya.tn,https://www.behya.tn/tunisie-annonces/coquet-appartement-rdc-avec-jardin-a-hammamet-a-vendre/,Appartement,Nabeul,Hammamet centre ville,Hammamet centre ville,8000,105000,60,1 juillet 2022,S+1,RDC,1,,,,,,,Oui,,,,,,,,
behya.tn,https://www.behya.tn/tunisie-annonces/des-appartements-s1-a-vendre-a-hammamet-51355351/,Appartement,Nabeul,Hammamet centre ville,Hammamet centre ville,8000,175000,85,30 juin 2022,S+1,,1,,,,,,,,,Haut,,,,,,
behya.tn,https://www.behya.tn/tunisie-annonces/__trashed/,Appartement,Nabeul,Hammamet centre ville,Hammamet centre ville,8000,0,120,26 juin 2022,S+2,1,2,1,,Oui,,,Oui,,,,,,,,,
behya.tn,https://www.behya.tn/tunisie-annonces/appartement-a-vendre-a-la-zone-touristique-nabeul-51355351/,Appartement,Nabeul,Hammamet centre ville,Hammamet centre ville,8000,165000,,22 juin 2022,,,,1,,Oui,,,,,,,,,,,,
behya.tn,https://www.behya.tn/tunisie-annonces/appartement-rdc-s2-a-vendre-a-afh-mrezga-a-260-md-51355351/,Appartement,Nabeul,Hammamet centre ville,Hammamet centre ville,8000,260000,82,20 juin 2022,S+2,RDC,2,1,,Oui,,,,,Oui,Haut,,Oui,Oui,,,
behya.tn,https://www.behya.tn/tunisie-annonces/un-appartement-s1-a-vendre-a-afh-mrezga-51355351/,Appartement,Nabeul,Hammamet,Hammamet,8050,180000,60,20 juin 2022,S+1,,1,,,,,,,,,,,,,Oui,,
behya.tn,https://www.behya.tn/tunisie-annonces/appartement-a-vendre-a-kelibia-vue-sur-mer/,Appartement,Nabeul,kélibia,kélibia,8090,160000,,17 juin 2022,S+2,,2,,,,,,,,,,,,,Oui,,
behya.tn,https://www.behya.tn/tunisie-annonces/s2-en-rdc-avec-parking-prive/,Appartement,Nabeul,kélibia,kélibia,8090,170000,130,17 juin 2022,S+2,RDC,2,,,Oui,,,,,,,,,,,,
behya.tn,https://www.behya.tn/tunisie-annonces/yasmine-hammamet-48/,Appartement,Nabeul,MREZGA,MREZGA,8000,22000,83,17 juin 2022,S+1,,1,,Oui,Oui,,,,,,,,Oui,,,,
behya.tn,https://www.behya.tn/tunisie-annonces/appartement-a-vendre-vue-sur-mer-2/,Appartement,Nabeul,kélibia,kélibia,8090,160000,106,17 juin 2022,S+2,,2,,,,,,,,,,,,,Oui,,
behya.tn,https://www.behya.tn/tunisie-annonces/appartement-formidable-pres-bsb/,Appartement,Ben Arous,Nouvelle Medina 3,Nouvelle Medina 3,2013,210000,120,16 juin 2022,,2,3,1,Oui,Oui,Oui,,Oui,,,,,Oui,,,,
behya.tn,https://www.behya.tn/tunisie-annonces/occasion-dun-appartement-a-la-plage-de-zahra/,Appartement,Nabeul,kélébia,kélébia,8000,130000,70,1 juin 2022,S+1,RDC,1,,Oui,Oui,,,,,,Haut,,,,Oui,Bleu,
behya.tn,https://www.behya.tn/tunisie-annonces/vendre-un-appartement-a-la-plage-de-zahra/,Appartement,Nabeul,kélébia,kélébia,8000,190000,,30 mai 2022,S+2,,2,,,Oui,,,,,,Haut,,,,,,
behya.tn,https://www.behya.tn/tunisie-annonces/appartement-a-vendre-a-la-plage-de-zahra-2/,Appartement,Nabeul,kélébia,kélébia,8000,250000,100,28 mai 2022,S+2,,2,,,,,,,,,,,,,,,
behya.tn,https://www.behya.tn/tunisie-annonces/appartement-a-vendre-a-la-plage-de-zahra/,Appartement,Nabeul,kélébia,kélébia,8000,350000,125,25 mai 2022,S+2,,2,,,,,,,,,,,,,,,
behya.tn,https://www.behya.tn/tunisie-annonces/appartement-premiere-position/,Appartement,Nabeul,nabeul,nabeul,8000,350000,200,23 mai 2022,S+2,,2,,,,,,,,,,,,,,,
behya.tn,https://www.behya.tn/tunisie-annonces/residence-haut-standing-a-sousse-chott-merien-pied-dans-l-eau/,Appartement,Sousse,sousse,sousse,4000,1,,17 mai 2022,S+0,,0,,,,,,,Oui,,Haut,,Oui,,Oui,,
behya.tn,https://www.behya.tn/tunisie-annonces/residence-a-hergla-82-appartements-de-haut-standing/,Appartement,Sousse,hergla,hergla,4050,186000,4600000,17 mai 2022,S1,,1,,,,,,,,,Haut,,Oui,,Oui,,
behya.tn,https://www.behya.tn/tunisie-annonces/appartements-neufs-a-vendre-a-mrezga/,Appartement,Nabeul,HAMMAMET NORD,HAMMAMET NORD,8000,500000,490,12 mai 2022,,,3,1,,,,,,,,,,,,,,
behya.tn,https://www.behya.tn/tunisie-annonces/a-vendre-un-appartement-neuf/,Appartement,Nabeul,Hammamet,Hammamet,8050,385000,140,7 mai 2022,S+2,1,2,1,Oui,,,Oui,Oui,,,,,,,,,
behya.tn,https://www.behya.tn/tunisie-annonces/appartement-a-vendre-borj-louzir-ariana/,Appartement,Ariana,Borj louzir cite de la santé Ariana,Borj louzir cite de la santé Ariana,2080,95000,70,6 mai 2022,S+2,4,2,,,Oui,,,,,,,,,,,,
behya.tn,https://www.behya.tn/tunisie-annonces/appartement-a-vendre/,Appartement,Tunis,Rue 4228 Imm 8,Rue 4228 Imm 8,1000,105000,,26 avril 2022,,,2,1,,,,Oui,,,Oui,,,,,,,
behya.tn,https://www.behya.tn/tunisie-annonces/appartement-s-2-a-vendre/,Appartement,Nabeul,Korba,Korba,8070,185000,130,22 avril 2022,S+2,,2,,,,,,,,,,,,,,,
behya.tn,https://www.behya.tn/tunisie-annonces/coquet-appartement-a-vendre/,Appartement,Ariana,Cité des professeurs,Cité des professeurs,2080,140000,90,14 avril 2022,S+2,2,2,1,,Oui,,,Oui,,Oui,Haut,,,,,,
behya.tn,https://www.behya.tn/tunisie-annonces/achetez-votre-futur-logement-en-bord-de-mer-a-monastir-pour-profiter-de-lete/,Appartement,Monastir,Zone Touristique-Dkhila,Zone Touristique-Dkhila,5000,195000,,2 avril 2022,S0,,0,,,Oui,,,,,,,,Oui,,Oui,,
behya.tn,https://www.behya.tn/tunisie-annonces/appartement-au-bord-de-la-plage-a-hammamet-centre/,Appartement,Nabeul,Hammamet,Hammamet,8050,195000,36,24 mars 2022,S+2,RDC,2,1,,,,Oui,Oui,Oui,Oui,,,,Oui,,,
behya.tn,https://www.behya.tn/tunisie-annonces/appartement-a-vendre-a-hammamet-centre-au-bord-de-la-plage/,Appartement,Nabeul,Hammamet centre,Hammamet centre,8000,425000,200,1 mars 2022,S+3,,3,,,Oui,,,,,,,,,,,,
behya.tn,https://www.behya.tn/tunisie-annonces/wave-la-nouvelle-residence-tres-haut-standing-a-kelibia_la_blanche/,Appartement,Nabeul,kélébia,kélébia,8000,428280,,3 février 2022,S+2,,2,,Oui,,,Oui,Oui,Oui,,Haut,,Oui,,,,
behya.tn,https://www.behya.tn/tunisie-annonces/appartement-a-vendre-vue-sur-mer/,Appartement,Nabeul,kélébia,kélébia,8000,260000,100,10 janvier 2022,S+2,,2,,,,Oui,,,Oui,,,,,,Oui,,
behya.tn,https://www.behya.tn/tunisie-annonces/appartement-a536/,Appartement,Nabeul,Hammamet,Hammamet,8050,320000,150,22 octobre 2021,S+3,,3,1,,,,,Oui,,,,,,,,,
behya.tn,https://www.behya.tn/tunisie-annonces/appartement-a546/,Appartement,Nabeul,Hammamet,Hammamet,8050,210000,110,22 octobre 2021,S+2,,2,1,,,,,Oui,,,,,,,,,
behya.tn,https://www.behya.tn/tunisie-annonces/vente-3-appartements/,Appartement,Manouba,cite nouvelle air,cite nouvelle air,2010,210,,20 octobre 2021,,,2,1,,,,,,,,,,,,,,
behya.tn,https://www.behya.tn/tunisie-annonces/appartement-a-vendre-a-hammamet-nord-2/,Appartement,Nabeul,hammamet nord,hammamet nord,8000,350000,110,15 septembre 2021,S+2,3,2,,Oui,Oui,,Oui,,,,,,,,,,
behya.tn,https://www.behya.tn/tunisie-annonces/appartement-a-vendre-a-hammamet-nord/,Appartement,Nabeul,hammamet nord,hammamet nord,8000,140000,60,15 septembre 2021,S+1,2,1,,,,,,,,,,,,,,,
behya.tn,https://www.behya.tn/tunisie-annonces/des-nouveaux-appartements-a-lentree-de-kelibia/,Appartement,Nabeul,Kélibia,Kélibia,8090,1500,78,27 août 2021,,,,,,,,,,,,,,,,,,
behya.tn,https://www.behya.tn/tunisie-annonces/appartement-a-tunis/,Appartement,Ben Arous,El Mourouj 2,El Mourouj 2,2013,120000,67,22 août 2021,,,,1,,,,,,,,,,,,,,
behya.tn,https://www.behya.tn/tunisie-annonces/nouvelle-construction-2021-des-appartements-a-el-mansoura/,Appartement,Nabeul,KELIBIA AL MANSOURA,KELIBIA AL MANSOURA,8000,250000,,19 août 2021,,,,,,,,,,,,,,,,Oui,,
behya.tn,https://www.behya.tn/tunisie-annonces/appartement-a-louer/,Appartement,Ben Arous,Rades rue taieb limhiri,Rades rue taieb limhiri,2013,600,,11 août 2021,S+2,,2,1,,,,,,,,,,,,,,
behya.tn,https://www.behya.tn/tunisie-annonces/des-appartements-haute-standing-a-vendre/,Appartement,Nabeul,kélébia,kélébia,8000,185000,,11 août 2021,S+2,,2,,,,,,,,,Haut,,Oui,,,,