source,url_annonce,type_bien,prix,date_insertion,gouvernorat,delegation,localite,code_postal,superficie,titre_foncier,vue_mer,etat,standing,nb_chambres,nb_salles_bain,dressing,balcon,parking,piscine,chauffage_central,jardin,etage,ascenseur,syndic,climatisation
diarkoum,https://diarkoum.tn/details.php?id_annonce=15192,Appartement,1580000,2026-01-30,Tunis,La Marsa,La Marsa,2070,155,Non,Oui,Neuf,Moyen standing,3,3,Oui,Non,Non,Oui,Non,Oui,1,Non,Non,Oui
diarkoum,https://diarkoum.tn/details.php?id_annonce=15191,Appartement,820000,2026-01-28,Tunis,La Marsa,La Marsa,2070,140,Non,Oui,Neuf,Haut standing,2,1,Oui,Non,Oui,Non,Non,Non,1,Non,Non,Oui
diarkoum,https://diarkoum.tn/details.php?id_annonce=15178,Appartement,380000,2025-11-13,Tunis,El aouina,El aouina,2045,107,Non,Non,Neuf,Moyen standing,3,1,Non,Oui,Oui,Non,Oui,Non,1,Non,Non,Oui
diarkoum,https://diarkoum.tn/details.php?id_annonce=15175,Appartement,490000,2025-10-29,Ariana,Ariana Ville,Ariana Ville,2080,170,Non,Non,Neuf,Non précisé,3,1,Non,Non,Non,Non,Oui,Non,2,Non,Non,Non
diarkoum,https://diarkoum.tn/details.php?id_annonce=15176,Appartement,267000,2025-10-29,Tunis,Cité El Khadra,Cité El Khadra,1000,67,Non,Non,Neuf,Non précisé,1,1,Non,Non,Non,Non,Oui,Oui,2,Non,Non,Non
diarkoum,https://diarkoum.tn/details.php?id_annonce=8948,Appartement,285000,2025-08-22,Sousse,Sousse Jawhara,Sousse Jawhara,4000,112,Non,Non,Neuf,Haut standing,2,1,Oui,Oui,Oui,Non,Oui,Non,,Oui,Non,Oui
diarkoum,https://diarkoum.tn/details.php?id_annonce=15173,Appartement,125000,2025-08-04,Ben Arous,El Mourouj,El Mourouj,2074,82,Non,Non,Neuf,Non précisé,2,1,Non,Oui,Non,Non,Non,Non,2,Non,Non,Non
diarkoum,https://diarkoum.tn/details.php?id_annonce=15170,Appartement,320000,2025-06-17,Tunis,El aouina,El aouina,2045,122,Oui,Non,Neuf,Haut standing,3,2,Oui,Oui,Oui,Non,Oui,Non,5,Oui,Oui,Oui
diarkoum,https://diarkoum.tn/details.php?id_annonce=15107,Appartement,363000,2025-02-27,Tunis,Cité El Khadra,Cité El Khadra,1000,88,Non,Non,Neuf,Haut standing,2,1,Non,Non,Non,Non,Oui,Non,1,Oui,Non,Oui
diarkoum,https://diarkoum.tn/details.php?id_annonce=15076,Appartement,260000,2025-02-21,Ariana,Ariana Ville,Ariana Ville,2080,59,Non,Non,Neuf,Haut standing,1,1,Oui,Non,Non,Non,Oui,Non,1,Non,Non,Oui
diarkoum,https://diarkoum.tn/details.php?id_annonce=14998,Appartement,265000,2025-01-29,Tunis,Cité El Khadra,Cité El Khadra,1000,67,Non,Non,Neuf,Non précisé,2,1,Non,Non,Non,Non,Non,Oui,1,Non,Non,Non
diarkoum,https://diarkoum.tn/details.php?id_annonce=14656,Appartement,389000,2024-11-27,Ariana,Ariana Ville,Ariana Ville,2080,125,Non,Non,Neuf,Haut standing,3,2,Non,Non,Oui,Non,Oui,Non,1,Oui,Non,Oui
diarkoum,https://diarkoum.tn/details.php?id_annonce=14727,Appartement,370000,2024-11-13,Tunis,La Marsa,La Marsa,2070,147,Oui,Non,Neuf,Haut standing,3,1,Oui,Oui,Oui,Non,Oui,Oui,5,Oui,Non,Oui
diarkoum,https://diarkoum.tn/details.php?id_annonce=14690,Appartement,486000,2024-11-11,Tunis,Ain zaghouan,Ain zaghouan,1100,486,Non,Non,Neuf,Moyen standing,2,2,Oui,Non,Non,Non,Oui,Non,1,Non,Non,Oui
diarkoum,https://diarkoum.tn/details.php?id_annonce=14666,Appartement,385000,2024-10-31,Tunis,Cité El Khadra,Cité El Khadra,1000,165,Non,Non,Neuf,Moyen standing,4,2,Non,Oui,Oui,Non,Oui,Non,6,Oui,Non,Non
diarkoum,https://diarkoum.tn/details.php?id_annonce=11223,Appartement,500000,2024-10-01,Nabeul,Hammamet,Hammamet,8050,108,Non,Non,Neuf,Haut standing,3,2,Oui,Non,Oui,Oui,Oui,Oui,2,Non,Non,Oui
diarkoum,https://diarkoum.tn/details.php?id_annonce=9023,Appartement,385000,2024-09-17,Nabeul,Hammamet,Hammamet,8050,87,Non,Non,Neuf,Haut standing,2,2,Non,Non,Non,Non,Non,Non,,Non,Non,Non
diarkoum,https://diarkoum.tn/details.php?id_annonce=9355,Appartement,390000,2024-09-17,Nabeul,Hammamet,Hammamet,8050,88,Non,Non,Neuf,Haut standing,2,1,Non,Non,Non,Non,Non,Non,,Non,Non,Non
diarkoum,https://diarkoum.tn/details.php?id_annonce=10505,Appartement,350000,2024-08-26,Tunis,La Marsa,La Marsa,2070,144,Non,Non,Neuf,Non précisé,3,2,Oui,Non,Non,Non,Non,Oui,0,Non,Non,Non
diarkoum,https://diarkoum.tn/details.php?id_annonce=9006,Appartement,255000,2024-07-01,Ariana,Ariana Ville,Ariana Ville,2080,156,Oui,Non,Neuf,Haut standing,3,2,Oui,Oui,Non,Non,Oui,Non,5,Oui,Non,Non
diarkoum,https://diarkoum.tn/details.php?id_annonce=13757,Appartement,1100000,2024-06-25,Tunis,Ain zaghouan,Ain zaghouan,1100,234,Non,Non,Neuf,Haut standing,4,2,Oui,Oui,Non,Oui,Non,Non,1,Non,Non,Non
diarkoum,https://diarkoum.tn/details.php?id_annonce=13756,Appartement,330000,2024-06-25,Tunis,Ain zaghouan,Ain zaghouan,1100,63,Non,Non,Neuf,Non précisé,1,1,Non,Non,Non,Oui,Non,Non,3,Non,Non,Non
diarkoum,https://diarkoum.tn/details.php?id_annonce=13588,Appartement,139000,2024-06-06,Ben Arous,El Mourouj,El Mourouj,2074,90,Non,Non,Neuf,Non précisé,3,1,Non,Non,Non,Non,Non,Non,1,Non,Non,Non
diarkoum,https://diarkoum.tn/details.php?id_annonce=13587,Appartement,1500000,2024-06-06,Tunis,La Marsa,La Marsa,2070,259,Non,Non,Neuf,Non précisé,3,2,Oui,Non,Oui,Non,Non,Non,3,Non,Non,Non
diarkoum,https://diarkoum.tn/details.php?id_annonce=13581,Appartement,1200000,2024-06-06,Tunis,La Marsa,La Marsa,2070,219,Non,Non,Neuf,Non précisé,3,2,Non,Non,Oui,Non,Non,Non,5,Non,Non,Non
diarkoum,https://diarkoum.tn/details.php?id_annonce=13580,Appartement,1800000,2024-06-06,Tunis,La Marsa,La Marsa,2070,240,Non,Non,Neuf,Haut standing,3,2,Oui,Non,Oui,Non,Non,Non,3,Non,Non,Non
diarkoum,https://diarkoum.tn/details.php?id_annonce=13471,Appartement,270000,2024-05-28,Ben Arous,Medina Jedida,Medina Jedida,2013,125,Non,Non,Neuf,Moyen standing,3,2,Non,Non,Oui,Non,Non,Non,,Non,Non,Non
diarkoum,https://diarkoum.tn/details.php?id_annonce=13238,Appartement,185000,2024-05-06,Nabeul,Kélibia,Kélibia,8000,110,Titre Bleu,Non,Neuf,Luxe,2,1,Non,Non,Non,Non,Non,Non,2,Non,Non,Non
diarkoum,https://diarkoum.tn/details.php?id_annonce=13010,Appartement,145000,2024-05-05,Nabeul,Kélibia,Kélibia,8000,102,Non,Oui,Neuf,Non précisé,2,1,Oui,Non,Non,Non,Non,Non,1,Non,Non,Non
diarkoum,https://diarkoum.tn/details.php?id_annonce=13185,Appartement,20240,2024-05-02,Tunis,La Marsa,La Marsa,2070,240,Non,Non,Neuf,Haut standing,3,1,Oui,Non,Oui,Non,Non,Non,3,Non,Non,Non
diarkoum,https://diarkoum.tn/details.php?id_annonce=12860,Appartement,195000,2024-04-06,Nabeul,Kélibia,Kélibia,8000,89,Non,Non,Neuf,Non précisé,2,1,Non,Non,Non,Non,Non,Non,2,Non,Non,Non
diarkoum,https://diarkoum.tn/details.php?id_annonce=12568,Appartement,470000,2024-03-07,Tunis,Ain zaghouan,Ain zaghouan,1100,117,Non,Non,Neuf,Haut standing,2,2,Non,Non,Oui,Non,Oui,Non,1,Oui,Non,Oui
diarkoum,https://diarkoum.tn/details.php?id_annonce=12530,Appartement,450000,2024-03-01,Tunis,La Marsa,La Marsa,2070,112,Non,Non,Neuf,Moyen standing,2,1,Non,Non,Non,Non,Oui,Oui,0,Non,Non,Oui
diarkoum,https://diarkoum.tn/details.php?id_annonce=12486,Appartement,235000,2024-02-23,Mahdia,Mahdia,Mahdia,5100,105,Non,Non,Neuf,Non précisé,2,1,Non,Non,Non,Non,Non,Non,0,Non,Non,Oui
diarkoum,https://diarkoum.tn/details.php?id_annonce=12485,Appartement,420000,2024-02-23,Mahdia,Mahdia,Mahdia,5100,156,Non,Non,Neuf,Haut standing,3,1,Non,Non,Oui,Non,Non,Non,2,Oui,Non,Non
diarkoum,https://diarkoum.tn/details.php?id_annonce=12484,Appartement,520000,2024-02-23,Mahdia,Mahdia,Mahdia,5100,130,Non,Oui,Neuf,Haut standing,3,2,Oui,Non,Oui,Non,Non,Non,3,Oui,Non,Non
diarkoum,https://diarkoum.tn/details.php?id_annonce=12483,Appartement,315000,2024-02-23,Mahdia,Mahdia,Mahdia,5100,128,Non,Non,Neuf,Haut standing,3,1,Oui,Oui,Non,Non,Oui,Non,4,Oui,Non,Non
diarkoum,https://diarkoum.tn/details.php?id_annonce=12461,Appartement,380000,2024-02-22,Tunis,La Marsa,La Marsa,2070,84,Non,Non,Neuf,Haut standing,2,1,Oui,Oui,Oui,Non,Oui,Non,0,Non,Non,Oui
diarkoum,https://diarkoum.tn/details.php?id_annonce=12426,Appartement,890000,2024-02-19,Tunis,La Marsa,La Marsa,2070,200,Non,Non,Neuf,Moyen standing,3,2,Oui,Non,Non,Non,Oui,Oui,0,Non,Non,Oui
diarkoum,https://diarkoum.tn/details.php?id_annonce=12415,Appartement,1200000,2024-02-19,Médenine,Djerba - Houmt Souk,Djerba - Houmt Souk,4180,600,Non,Non,Neuf,Non précisé,10,5,Non,Oui,Oui,Non,Non,Oui,0,Non,Non,Non
diarkoum,https://diarkoum.tn/details.php?id_annonce=12385,Appartement,1900000,2024-02-16,Tunis,La Marsa,La Marsa,2070,115,Non,Oui,Neuf,Moyen standing,3,2,Oui,Oui,Oui,Non,Oui,Non,0,Non,Non,Oui
diarkoum,https://diarkoum.tn/details.php?id_annonce=12384,Appartement,1900000,2024-02-16,Tunis,La Marsa,La Marsa,2070,115,Non,Oui,Neuf,Moyen standing,3,2,Oui,Oui,Oui,Non,Oui,Non,0,Non,Non,Oui
diarkoum,https://diarkoum.tn/details.php?id_annonce=12382,Appartement,1100000,2024-02-16,Ariana,La Soukra,La Soukra,2036,279,Non,Non,Neuf,Haut standing,4,2,Oui,Non,Oui,Oui,Oui,Oui,0,Non,Non,Oui
diarkoum,https://diarkoum.tn/details.php?id_annonce=12362,Appartement,350000,2024-02-15,Tunis,La Marsa,La Marsa,2070,159,Non,Non,Neuf,Haut standing,2,1,Oui,Non,Non,Non,Oui,Non,,Non,Non,Oui
diarkoum,https://diarkoum.tn/details.php?id_annonce=12336,Appartement,275000,2024-02-14,Tunis,La Marsa,La Marsa,2070,67,Non,Non,Neuf,Moyen standing,1,1,Non,Oui,Non,Non,Oui,Oui,,Non,Non,Oui
diarkoum,https://diarkoum.tn/details.php?id_annonce=12313,Appartement,400000,2024-02-13,Tunis,La Marsa,La Marsa,2070,90,Non,Non,Neuf,Haut standing,2,1,Oui,Oui,Oui,Non,Oui,Non,,Non,Non,Oui
diarkoum,https://diarkoum.tn/details.php?id_annonce=12167,Appartement,650000,2024-01-31,Tunis,La Marsa,La Marsa,2070,154,Non,Non,Neuf,Moyen standing,2,1,Non,Non,Oui,Non,Oui,Oui,,Non,Non,Oui
diarkoum,https://diarkoum.tn/details.php?id_annonce=12163,Appartement,900000,2024-01-31,Tunis,La Marsa,La Marsa,2070,351,Non,Non,Neuf,Moyen standing,4,2,Oui,Non,Oui,Non,Oui,Oui,0,Non,Non,Oui
diarkoum,https://diarkoum.tn/details.php?id_annonce=12080,Appartement,1250000,2024-01-24,Ariana,La Soukra,La Soukra,2036,230,Non,Non,Neuf,Haut standing,5,4,Oui,Oui,Oui,Oui,Oui,Non,0,Non,Non,Oui
diarkoum,https://diarkoum.tn/details.php?id_annonce=11666,Appartement,460000,2024-01-24,Tunis,La Marsa,La Marsa,2070,144,Non,Non,Neuf,Haut standing,2,2,Non,Non,Oui,Non,Non,Non,3,Oui,Non,Non
diarkoum,https://diarkoum.tn/details.php?id_annonce=12019,Appartement,2200000,2024-01-19,Tunis,La Marsa,La Marsa,2070,157,Non,Non,Neuf,Haut standing,2,2,Oui,Non,Oui,Oui,Oui,Oui,0,Non,Non,Oui
diarkoum,https://diarkoum.tn/details.php?id_annonce=11918,Appartement,320000,2024-01-11,Tunis,La Marsa,La Marsa,2070,53,Non,Non,Neuf,Moyen standing,1,1,Non,Non,Oui,Non,Oui,Non,,Non,Non,Oui
diarkoum,https://diarkoum.tn/details.php?id_annonce=11901,Appartement,380000,2024-01-09,Tunis,La Marsa,La Marsa,2070,117,Non,Non,Neuf,Haut standing,2,1,Oui,Oui,Oui,Non,Oui,Non,,Non,Non,Oui
diarkoum,https://diarkoum.tn/details.php?id_annonce=11900,Appartement,1650000,2024-01-09,Tunis,La Marsa,La Marsa,2070,380,Non,Non,Neuf,Haut standing,3,2,Oui,Non,Oui,Oui,Oui,Oui,0,Non,Non,Oui
diarkoum,https://diarkoum.tn/details.php?id_annonce=11898,Appartement,2300000,2024-01-09,Tunis,La Marsa,La Marsa,2070,360,Non,Non,Neuf,Haut standing,3,3,Oui,Non,Non,Oui,Oui,Oui,0,Non,Non,Oui
diarkoum,https://diarkoum.tn/details.php?id_annonce=11884,Appartement,1200000,2024-01-08,Tunis,La Marsa,La Marsa,2070,1,Non,Non,Neuf,Moyen standing,4,3,Oui,Non,Oui,Non,Oui,Oui,,Non,Non,Oui
diarkoum,https://diarkoum.tn/details.php?id_annonce=11858,Appartement,550000,2024-01-05,Tunis,La Marsa,La Marsa,2070,159,Non,Non,Neuf,Moyen standing,3,1,Non,Non,Non,Non,Oui,Oui,0,Non,Non,Oui
diarkoum,https://diarkoum.tn/details.php?id_annonce=11807,Appartement,275000,2023-12-30,Tunis,La Marsa,La Marsa,2070,76,Non,Non,Neuf,Moyen standing,1,1,Non,Oui,Oui,Non,Oui,Non,,Non,Non,Oui
diarkoum,https://diarkoum.tn/details.php?id_annonce=11806,Appartement,500000,2023-12-29,Tunis,La Marsa,La Marsa,2070,127,Non,Non,Neuf,Haut standing,2,1,Oui,Oui,Oui,Non,Oui,Non,0,Non,Non,Oui
diarkoum,https://diarkoum.tn/details.php?id_annonce=11805,Appartement,1350000,2023-12-29,Ariana,La Soukra,La Soukra,2036,380,Non,Non,Neuf,Haut standing,5,2,Oui,Non,Oui,Oui,Oui,Non,,Non,Non,Oui
diarkoum,https://diarkoum.tn/details.php?id_annonce=11802,Appartement,430000,2023-12-29,Tunis,La Marsa,La Marsa,2070,1,Non,Non,Neuf,Non précisé,1,,Non,Non,Non,Non,Non,Oui,0,Non,Non,Oui
diarkoum,https://diarkoum.tn/details.php?id_annonce=11799,Appartement,280000,2023-12-29,Tunis,La Marsa,La Marsa,2070,71,Non,Non,Neuf,Moyen standing,1,,Non,Oui,Oui,Non,Oui,Non,,Non,Non,Oui
diarkoum,https://diarkoum.tn/details.php?id_annonce=11797,Appartement,1200000,2023-12-29,Tunis,La Marsa,La Marsa,2070,440,Non,Non,Neuf,Moyen standing,3,3,Oui,Non,Oui,Non,Oui,Oui,0,Non,Non,Oui
diarkoum,https://diarkoum.tn/details.php?id_annonce=11796,Appartement,270000,2023-12-29,Tunis,La Marsa,La Marsa,2070,117,Non,Non,Neuf,Haut standing,2,1,Oui,Oui,Oui,Non,Oui,Non,,Non,Non,Oui
diarkoum,https://diarkoum.tn/details.php?id_annonce=11790,Appartement,430000,2023-12-28,Tunis,La Marsa,La Marsa,2070,174,Non,Non,Neuf,Non précisé,4,2,Non,Non,Non,Non,Non,Non,0,Non,Non,Non
diarkoum,https://diarkoum.tn/details.php?id_annonce=11789,Appartement,450000,2023-12-28,Tunis,La Marsa,La Marsa,2070,1,Non,Non,Neuf,Moyen standing,2,2,Oui,Oui,Oui,Non,Oui,Oui,,Non,Non,Oui
diarkoum,https://diarkoum.tn/details.php?id_annonce=11782,Appartement,3500,2023-12-28,Tunis,La Marsa,La Marsa,2070,1,Non,Non,Neuf,Haut standing,3,2,Oui,Non,Oui,Oui,Oui,Oui,0,Non,Non,Oui
diarkoum,https://diarkoum.tn/details.php?id_annonce=11759,Appartement,600000,2023-12-26,Tunis,Ain zaghouan,Ain zaghouan,1100,120,Non,Non,Neuf,Haut standing,2,1,Oui,Non,Oui,Non,Oui,Oui,,Non,Non,Oui
diarkoum,https://diarkoum.tn/details.php?id_annonce=11757,Appartement,550000,2023-12-26,Tunis,Ain zaghouan,Ain zaghouan,1100,1,Non,Non,Neuf,Moyen standing,3,1,Non,Non,Non,Non,Oui,Oui,0,Non,Non,Oui
diarkoum,https://diarkoum.tn/details.php?id_annonce=11752,Appartement,720000,2023-12-26,Tunis,Ain zaghouan,Ain zaghouan,1100,198,Non,Non,Neuf,Haut standing,2,1,Oui,Non,Oui,Oui,Oui,Non,1,Non,Non,Oui
diarkoum,https://diarkoum.tn/details.php?id_annonce=11753,Appartement,1200000,2023-12-26,Tunis,La Marsa,La Marsa,2070,232,Non,Non,Neuf,Moyen standing,4,2,Oui,Non,Oui,Non,Oui,Non,1,Non,Non,Oui
diarkoum,https://diarkoum.tn/details.php?id_annonce=11720,Appartement,647500,2023-12-23,Tunis,Ain zaghouan,Ain zaghouan,1100,177,Non,Non,Neuf,Haut standing,2,2,Oui,Non,Oui,Oui,Oui,Non,3,Non,Non,Oui
diarkoum,https://diarkoum.tn/details.php?id_annonce=11696,Appartement,670000,2023-12-23,Nabeul,Hammamet,Hammamet,8050,60,Non,Non,Neuf,Non précisé,1,1,Non,Non,Non,Non,Non,Non,,Non,Non,Non
diarkoum,https://diarkoum.tn/details.php?id_annonce=11675,Appartement,210,2023-12-19,Nabeul,Kélibia,Kélibia,8000,140,Non,Non,Neuf,Non précisé,1,,Non,Non,Non,Non,Non,Non,,Non,Non,Non
diarkoum,https://diarkoum.tn/details.php?id_annonce=11651,Appartement,120,2023-12-17,Nabeul,Kélibia,Kélibia,8000,73,Non,Non,Neuf,Non précisé,2,1,Non,Non,Non,Non,Non,Non,,Non,Non,Non
diarkoum,https://diarkoum.tn/details.php?id_annonce=11648,Appartement,170,2023-12-16,Nabeul,Kélibia,Kélibia,8000,119,Non,Non,Neuf,Non précisé,1,,Non,Non,Non,Non,Non,Non,,Non,Non,Non
diarkoum,https://diarkoum.tn/details.php?id_annonce=11631,Appartement,760000,2023-12-15,Tunis,Ain zaghouan,Ain zaghouan,1100,170,Non,Non,Neuf,Haut standing,3,3,Oui,Non,Oui,Non,Oui,Non,2,Oui,Non,Oui
diarkoum,https://diarkoum.tn/details.php?id_annonce=11391,Appartement,305000,2023-12-12,Ariana,Ariana Ville,Ariana Ville,2080,114,Non,Non,Neuf,Haut standing,2,1,Non,Non,Non,Non,Oui,Non,1,Oui,Non,Oui
diarkoum,https://diarkoum.tn/details.php?id_annonce=11598,Appartement,290000,2023-12-12,Tunis,Ain zaghouan,Ain zaghouan,1100,100,Non,Non,Neuf,Haut standing,1,1,Oui,Oui,Oui,Non,Oui,Non,2,Oui,Non,Oui
diarkoum,https://diarkoum.tn/details.php?id_annonce=11596,Appartement,260,2023-12-12,Nabeul,Kélibia,Kélibia,8000,140,Non,Non,Neuf,Non précisé,2,,Non,Non,Non,Non,Non,Non,2,Non,Non,Non
diarkoum,https://diarkoum.tn/details.php?id_annonce=11594,Appartement,265,2023-12-11,Nabeul,Kélibia,Kélibia,8000,119,Non,Non,Neuf,Non précisé,2,1,Non,Non,Non,Non,Non,Non,,Non,Non,Non
diarkoum,https://diarkoum.tn/details.php?id_annonce=11459,Appartement,500000,2023-11-28,Tunis,Ain zaghouan,Ain zaghouan,1100,109,Non,Non,Neuf,Haut standing,2,2,Oui,Oui,Oui,Non,Oui,Non,1,Oui,Non,Oui
diarkoum,https://diarkoum.tn/details.php?id_annonce=11392,Appartement,305000,2023-11-21,Ariana,Ariana Ville,Ariana Ville,2080,112,Non,Non,Neuf,Haut standing,2,2,Non,Non,Non,Non,Oui,Non,1,Oui,Non,Oui
diarkoum,https://diarkoum.tn/details.php?id_annonce=11165,Appartement,305000,2023-10-27,Ariana,Ariana Ville,Ariana Ville,2080,125,Non,Non,Neuf,Haut standing,2,1,Non,Non,Oui,Non,Oui,Non,4,Oui,Non,Oui
diarkoum,https://diarkoum.tn/details.php?id_annonce=11176,Appartement,1800000,2023-10-26,Tunis,La Marsa,La Marsa,2070,1,Non,Non,Neuf,Haut standing,4,2,Oui,Non,Oui,Oui,Oui,Oui,0,Non,Non,Oui
diarkoum,https://diarkoum.tn/details.php?id_annonce=11174,Appartement,840000,2023-10-26,Tunis,La Marsa,La Marsa,2070,227,Non,Non,Neuf,Haut standing,2,2,Oui,Non,Oui,Oui,Oui,Oui,,Non,Non,Oui
diarkoum,https://diarkoum.tn/details.php?id_annonce=11164,Appartement,250000,2023-10-25,Tunis,Le Bardo,Le Bardo,2000,80,Non,Non,Neuf,Non précisé,3,1,Non,Non,Non,Non,Non,Non,,Non,Non,Non
diarkoum,https://diarkoum.tn/details.php?id_annonce=11159,Appartement,584000,2023-10-17,Tunis,La Marsa,La Marsa,2070,1,Non,Non,Neuf,Moyen standing,2,1,Non,Non,Oui,Non,Oui,Oui,,Non,Non,Oui
diarkoum,https://diarkoum.tn/details.php?id_annonce=11154,Appartement,2,2023-10-16,Tunis,Ain zaghouan,Ain zaghouan,1100,133,Non,Non,Neuf,Haut standing,2,2,Non,Oui,Oui,Non,Oui,Oui,1,Oui,Non,Oui
diarkoum,https://diarkoum.tn/details.php?id_annonce=11146,Appartement,460000,2023-10-16,Tunis,La Marsa,La Marsa,2070,155,Non,Non,Neuf,Haut standing,3,2,Oui,Oui,Oui,Non,Oui,Non,,Non,Non,Oui
diarkoum,https://diarkoum.tn/details.php?id_annonce=11133,Appartement,850000,2023-10-13,Tunis,La Marsa,La Marsa,2070,240,Non,Non,Neuf,Haut standing,3,2,Oui,Oui,Oui,Non,Oui,Oui,,Non,Non,Oui
diarkoum,https://diarkoum.tn/details.php?id_annonce=11132,Appartement,360000,2023-10-13,Tunis,Ain zaghouan,Ain zaghouan,1100,1,Non,Non,Neuf,Haut standing,3,2,Oui,Oui,Oui,Non,Oui,Non,,Non,Non,Oui
diarkoum,https://diarkoum.tn/details.php?id_annonce=11131,Appartement,420000,2023-10-13,Tunis,Ain zaghouan,Ain zaghouan,1100,1,Non,Non,Neuf,Haut standing,3,2,Oui,Oui,Oui,Non,Oui,Non,1,Non,Non,Oui
diarkoum,https://diarkoum.tn/details.php?id_annonce=11119,Appartement,380000,2023-10-12,Tunis,El Menzah,El Menzah,1000,128,Non,Non,Neuf,Moyen standing,2,2,Non,Non,Oui,Non,Oui,Non,,Oui,Non,Non
diarkoum,https://diarkoum.tn/details.php?id_annonce=11118,Appartement,460000,2023-10-12,Tunis,Ain zaghouan,Ain zaghouan,1100,151,Non,Non,Neuf,Haut standing,3,2,Oui,Oui,Oui,Non,Oui,Non,1,Oui,Non,Oui
diarkoum,https://diarkoum.tn/details.php?id_annonce=11112,Appartement,565000,2023-10-12,Tunis,La Marsa,La Marsa,2070,1,Non,Non,Neuf,Moyen standing,3,2,Oui,Non,Oui,Non,Oui,Non,,Non,Non,Oui
diarkoum,https://diarkoum.tn/details.php?id_annonce=11111,Appartement,720000,2023-10-12,Tunis,Ain zaghouan,Ain zaghouan,1100,170,Non,Non,Neuf,Haut standing,2,2,Oui,Oui,Oui,Oui,Oui,Non,,Non,Non,Oui
diarkoum,https://diarkoum.tn/details.php?id_annonce=11110,Appartement,355000,2023-10-12,Tunis,Ain zaghouan,Ain zaghouan,1100,110,Non,Non,Neuf,Haut standing,2,1,Oui,Non,Oui,Non,Oui,Non,,Non,Non,Oui
diarkoum,https://diarkoum.tn/details.php?id_annonce=11098,Appartement,490000,2023-10-11,Tunis,Ain zaghouan,Ain zaghouan,1100,167,Non,Non,Neuf,Haut standing,3,1,Oui,Oui,Oui,Non,Oui,Non,,Non,Non,Oui
diarkoum,https://diarkoum.tn/details.php?id_annonce=11097,Appartement,630000,2023-10-11,Tunis,La Marsa,La Marsa,2070,160,Non,Non,Neuf,Moyen standing,3,2,Oui,Oui,Oui,Non,Oui,Oui,,Non,Non,Oui
diarkoum,https://diarkoum.tn/details.php?id_annonce=11006,Appartement,190000,2023-09-22,Ariana,Ariana Ville,Ariana Ville,2080,111,Non,Non,Neuf,Moyen standing,4,1,Non,Oui,Non,Non,Oui,Non,0,Non,Non,Oui
diarkoum,https://diarkoum.tn/details.php?id_annonce=10939,Appartement,495000,2023-09-08,Ariana,La Soukra,La Soukra,2036,0,Non,Non,Neuf,Moyen standing,2,2,Oui,Oui,Oui,Non,Oui,Non,,Non,Non,Oui
diarkoum,https://diarkoum.tn/details.php?id_annonce=10915,Appartement,750000,2023-09-07,Tunis,Ain zaghouan,Ain zaghouan,1100,260,Non,Non,Neuf,Haut standing,2,1,Oui,Non,Oui,Non,Oui,Non,,Non,Non,Oui
diarkoum,https://diarkoum.tn/details.php?id_annonce=10871,Appartement,340000,2023-08-31,Tunis,La Marsa,La Marsa,2070,61,Non,Non,Neuf,Haut standing,1,1,Non,Oui,Oui,Oui,Oui,Oui,,Non,Non,Oui
diarkoum,https://diarkoum.tn/details.php?id_annonce=10858,Appartement,280000,2023-08-29,Tunis,Ain zaghouan,Ain zaghouan,1100,100,Non,Non,Neuf,Haut standing,2,1,Oui,Non,Oui,Non,Oui,Non,0,Non,Non,Oui
diarkoum,https://diarkoum.tn/details.php?id_annonce=10834,Appartement,200000,2023-08-28,Tunis,La Goulette,La Goulette,2060,50,Non,Non,Neuf,Moyen standing,1,1,Non,Oui,Non,Non,Oui,Non,,Non,Non,Oui
diarkoum,https://diarkoum.tn/details.php?id_annonce=10833,Appartement,760000,2023-08-28,Tunis,La Goulette,La Goulette,2060,160,Non,Oui,Neuf,Moyen standing,3,2,Oui,Oui,Oui,Non,Oui,Non,0,Non,Non,Oui
diarkoum,https://diarkoum.tn/details.php?id_annonce=10794,Appartement,290000,2023-08-22,Tunis,La Marsa,La Marsa,2070,1,Non,Non,Neuf,Moyen standing,1,1,Non,Non,Oui,Non,Oui,Oui,,Non,Non,Oui
diarkoum,https://diarkoum.tn/details.php?id_annonce=10722,Appartement,1450000,2023-08-09,Tunis,La Marsa,La Marsa,2070,0,Non,Non,Neuf,Non précisé,2,2,Oui,Non,Oui,Non,Non,Oui,0,Non,Non,Oui
diarkoum,https://diarkoum.tn/details.php?id_annonce=10663,Appartement,600000,2023-08-07,Tunis,La Marsa,La Marsa,2070,1,Non,Non,Neuf,Moyen standing,2,1,Non,Non,Non,Non,Oui,Non,,Non,Non,Oui
diarkoum,https://diarkoum.tn/details.php?id_annonce=8932,Appartement,245000,2023-08-05,Sousse,Akouda,Akouda,4022,64,Non,Non,Neuf,Luxe,1,1,Non,Non,Non,Non,Non,Non,1,Non,Non,Non
diarkoum,https://diarkoum.tn/details.php?id_annonce=10639,Appartement,780000,2023-08-02,Tunis,Ain zaghouan,Ain zaghouan,1100,1,Non,Non,Neuf,Haut standing,4,2,Oui,Non,Oui,Non,Oui,Oui,0,Non,Non,Oui
diarkoum,https://diarkoum.tn/details.php?id_annonce=10629,Appartement,550000,2023-08-01,Tunis,La Marsa,La Marsa,2070,145,Non,Non,Neuf,Non précisé,4,1,Non,Oui,Oui,Non,Oui,Oui,,Non,Non,Non
diarkoum,https://diarkoum.tn/details.php?id_annonce=10628,Appartement,800000,2023-07-31,Tunis,La Marsa,La Marsa,2070,114,Non,Non,Neuf,Haut standing,2,1,Oui,Non,Non,Non,Oui,Oui,0,Non,Non,Oui
diarkoum,https://diarkoum.tn/details.php?id_annonce=10610,Appartement,440000,2023-07-29,Tunis,Ain zaghouan,Ain zaghouan,1100,127,Non,Non,Neuf,Moyen standing,2,1,Non,Oui,Oui,Non,Oui,Non,,Non,Non,Oui
diarkoum,https://diarkoum.tn/details.php?id_annonce=10581,Appartement,360000,2023-07-22,Tunis,Ain zaghouan,Ain zaghouan,1100,105,Non,Non,Neuf,Moyen standing,1,1,Non,Non,Oui,Non,Oui,Non,0,Non,Non,Oui
diarkoum,https://diarkoum.tn/details.php?id_annonce=10521,Appartement,295000,2023-07-13,Ariana,Ariana Ville,Ariana Ville,2080,115,Non,Non,Neuf,Moyen standing,3,1,Non,Non,Non,Non,Oui,Non,3,Oui,Non,Non
diarkoum,https://diarkoum.tn/details.php?id_annonce=10514,Appartement,365000,2023-07-12,Tunis,Cité El Khadra,Cité El Khadra,1000,132,Non,Non,Neuf,Haut standing,2,1,Non,Non,Oui,Non,Oui,Non,7,Oui,Non,Oui
diarkoum,https://diarkoum.tn/details.php?id_annonce=10483,Appartement,400000000,2023-07-10,Tunis,Cité El Khadra,Cité El Khadra,1000,100,Titre Individuel,Non,Neuf,Non précisé,3,1,Non,Non,Non,Non,Non,Oui,,Non,Non,Non
diarkoum,https://diarkoum.tn/details.php?id_annonce=9953,Appartement,3500,2023-06-21,Nabeul,Kélibia,Kélibia,8000,150,Non,Non,Neuf,Non précisé,3,2,Oui,Non,Non,Non,Non,Oui,0,Non,Non,Non
diarkoum,https://diarkoum.tn/details.php?id_annonce=10322,Appartement,270000,2023-06-14,Ariana,Ariana Ville,Ariana Ville,2080,84,Non,Non,Neuf,Moyen standing,2,1,Non,Oui,Non,Non,Oui,Non,2,Non,Non,Oui
diarkoum,https://diarkoum.tn/details.php?id_annonce=10291,Appartement,340000,2023-06-09,Ariana,La Soukra,La Soukra,2036,100,Non,Non,Neuf,Moyen standing,2,1,Non,Oui,Oui,Non,Oui,Non,0,Non,Non,Oui
diarkoum,https://diarkoum.tn/details.php?id_annonce=10261,Appartement,680000,2023-06-07,Tunis,La Marsa,La Marsa,2070,0,Non,Non,Neuf,Moyen standing,3,2,Oui,Non,Oui,Non,Oui,Non,,Non,Non,Oui
diarkoum,https://diarkoum.tn/details.php?id_annonce=10223,Appartement,385000,2023-06-05,Tunis,Le Kram,Le Kram,2015,90,Non,Non,Neuf,Moyen standing,2,1,Non,Oui,Oui,Non,Oui,Oui,,Non,Non,Oui
diarkoum,https://diarkoum.tn/details.php?id_annonce=10210,Appartement,550000,2023-06-03,Tunis,La Marsa,La Marsa,2070,0,Non,Non,Neuf,Haut standing,3,1,Oui,Oui,Oui,Non,Oui,Non,,Non,Non,Oui
diarkoum,https://diarkoum.tn/details.php?id_annonce=10205,Appartement,180000,2023-06-02,Tunis,Ain zaghouan,Ain zaghouan,1100,40,Non,Non,Neuf,Moyen standing,,1,Non,Non,Non,Non,Oui,Non,,Non,Non,Oui
diarkoum,https://diarkoum.tn/details.php?id_annonce=10204,Appartement,450000,2023-06-02,Ariana,La Soukra,La Soukra,2036,124,Non,Non,Neuf,Haut standing,3,1,Oui,Oui,Oui,Non,Oui,Non,0,Non,Non,Oui
diarkoum,https://diarkoum.tn/details.php?id_annonce=10182,Appartement,275000,2023-06-01,Ariana,Ariana Ville,Ariana Ville,2080,115,Non,Non,Neuf,Moyen standing,2,2,Non,Non,Non,Non,Oui,Non,7,Oui,Non,Non
diarkoum,https://diarkoum.tn/details.php?id_annonce=10177,Appartement,420000,2023-05-31,Ariana,Ariana Ville,Ariana Ville,2080,148,Non,Non,Neuf,Moyen standing,4,1,Non,Non,Oui,Non,Oui,Non,1,Non,Non,Oui
diarkoum,https://diarkoum.tn/details.php?id_annonce=10169,Appartement,448000,2023-05-29,Ariana,La Soukra,La Soukra,2036,370,Non,Non,Neuf,Non précisé,3,2,Oui,Non,Oui,Non,Non,Oui,,Non,Non,Non
diarkoum,https://diarkoum.tn/details.php?id_annonce=10162,Appartement,280000,2023-05-28,Ariana,Ariana Ville,Ariana Ville,2080,118,Non,Non,Neuf,Moyen standing,2,1,Oui,Oui,Oui,Non,Non,Non,5,Oui,Non,Non
diarkoum,https://diarkoum.tn/details.php?id_annonce=10151,Appartement,270000,2023-05-27,Nabeul,Hammamet,Hammamet,8050,100,Non,Non,Neuf,Moyen standing,2,1,Non,Non,Non,Non,Oui,Non,2,Non,Non,Oui
diarkoum,https://diarkoum.tn/details.php?id_annonce=10134,Appartement,250000,2023-05-24,Nabeul,Hammamet,Hammamet,8050,90,Non,Non,Neuf,Non précisé,2,1,Non,Non,Non,Non,Non,Non,1,Non,Non,Non
diarkoum,https://diarkoum.tn/details.php?id_annonce=10071,Appartement,120000,2023-05-15,Tunis,El Kabaria,El Kabaria,1000,98,Non,Non,Neuf,Non précisé,2,1,Non,Non,Oui,Non,Non,Non,4,Oui,Non,Non
diarkoum,https://diarkoum.tn/details.php?id_annonce=10024,Appartement,449000,2023-05-13,Sousse,Sousse Jawhara,Sousse Jawhara,4000,160,Non,Non,Neuf,Luxe,3,1,Non,Non,Oui,Non,Non,Non,6,Oui,Oui,Oui
diarkoum,https://diarkoum.tn/details.php?id_annonce=10035,Appartement,270000,2023-05-12,Tunis,El Menzah,El Menzah,1000,125,Non,Non,Neuf,Non précisé,2,1,Oui,Oui,Non,Non,Non,Non,1,Non,Non,Non
diarkoum,https://diarkoum.tn/details.php?id_annonce=10031,Appartement,320000,2023-05-12,Ariana,Mnihla,Mnihla,2080,115,Non,Non,Neuf,Haut standing,2,1,Oui,Non,Non,Non,Oui,Oui,1,Oui,Non,Non
diarkoum,https://diarkoum.tn/details.php?id_annonce=10018,Appartement,420000,2023-05-10,Tunis,La Marsa,La Marsa,2070,130,Non,Non,Neuf,Haut standing,2,2,Oui,Non,Oui,Non,Oui,Non,,Non,Non,Oui
diarkoum,https://diarkoum.tn/details.php?id_annonce=10017,Appartement,375000,2023-05-10,Tunis,Ain zaghouan,Ain zaghouan,1100,83,Non,Non,Neuf,Haut standing,1,1,Oui,Oui,Oui,Non,Oui,Non,,Non,Non,Oui
diarkoum,https://diarkoum.tn/details.php?id_annonce=10016,Appartement,400000,2023-05-10,Ariana,La Soukra,La Soukra,2036,170,Non,Non,Neuf,Non précisé,3,2,Oui,Non,Oui,Non,Oui,Non,,Non,Non,Non
diarkoum,https://diarkoum.tn/details.php?id_annonce=9990,Appartement,450000,2023-05-09,Tunis,La Marsa,La Marsa,2070,165,Non,Non,Neuf,Haut standing,3,2,Oui,Non,Non,Non,Oui,Non,,Non,Non,Oui
diarkoum,https://diarkoum.tn/details.php?id_annonce=9993,Appartement,210000,2023-05-08,Ariana,La Soukra,La Soukra,2036,52,Non,Non,Neuf,Haut standing,1,1,Oui,Oui,Non,Non,Oui,Non,,Non,Non,Oui
diarkoum,https://diarkoum.tn/details.php?id_annonce=9994,Appartement,105000,2023-05-08,Tunis,Le Kram,Le Kram,2015,65,Non,Non,Neuf,Haut standing,1,,Oui,Oui,Oui,Non,Oui,Non,,Non,Non,Oui
diarkoum,https://diarkoum.tn/details.php?id_annonce=9997,Appartement,270000,2023-05-08,Tunis,La Marsa,La Marsa,2070,130,Non,Non,Neuf,Moyen standing,2,1,Non,Non,Oui,Non,Oui,Non,,Non,Non,Oui
diarkoum,https://diarkoum.tn/details.php?id_annonce=9944,Appartement,220000,2023-05-08,Tunis,Le Bardo,Le Bardo,2000,83,Non,Non,Neuf,Moyen standing,1,1,Non,Non,Non,Non,Oui,Non,4,Oui,Non,Non
diarkoum,https://diarkoum.tn/details.php?id_annonce=9999,Appartement,500000,2023-05-08,Tunis,Ain zaghouan,Ain zaghouan,1100,200,Non,Non,Neuf,Haut standing,2,1,Oui,Non,Oui,Non,Oui,Oui,0,Non,Non,Oui
diarkoum,https://diarkoum.tn/details.php?id_annonce=9992,Appartement,850000,2023-05-05,Tunis,La Marsa,La Marsa,2070,186,Non,Non,Neuf,Haut standing,3,2,Oui,Non,Non,Non,Oui,Non,,Non,Non,Oui
diarkoum,https://diarkoum.tn/details.php?id_annonce=9989,Appartement,550000,2023-05-05,Ariana,La Soukra,La Soukra,2036,175,Non,Non,Neuf,Moyen standing,3,3,Oui,Oui,Oui,Non,Oui,Non,,Non,Non,Oui
diarkoum,https://diarkoum.tn/details.php?id_annonce=9991,Appartement,550000,2023-05-05,Tunis,La Marsa,La Marsa,2070,136,Non,Non,Neuf,Non précisé,2,2,Non,Non,Oui,Non,Oui,Oui,,Non,Non,Non
diarkoum,https://diarkoum.tn/details.php?id_annonce=9984,Appartement,220000,2023-05-04,Nabeul,Hammamet,Hammamet,8050,80,Non,Non,Neuf,Moyen standing,1,1,Non,Non,Non,Non,Oui,Non,,Non,Non,Oui
diarkoum,https://diarkoum.tn/details.php?id_annonce=9962,Appartement,378000,2023-05-03,Ariana,La Soukra,La Soukra,2036,160,Non,Non,Neuf,Haut standing,2,1,Oui,Non,Oui,Non,Oui,Oui,0,Non,Non,Oui
diarkoum,https://diarkoum.tn/details.php?id_annonce=9968,Appartement,499998,2023-05-03,Ariana,La Soukra,La Soukra,2036,169,Non,Non,Neuf,Moyen standing,3,1,Non,Oui,Oui,Non,Oui,Non,,Non,Non,Oui
diarkoum,https://diarkoum.tn/details.php?id_annonce=9965,Appartement,310000,2023-05-03,Tunis,Le Kram,Le Kram,2015,99,Non,Non,Neuf,Moyen standing,1,,Non,Non,Oui,Non,Oui,Oui,,Non,Non,Oui
diarkoum,https://diarkoum.tn/details.php?id_annonce=9964,Appartement,310000,2023-05-02,Ariana,Ariana Ville,Ariana Ville,2080,127,Non,Non,Neuf,Moyen standing,3,1,Non,Non,Oui,Non,Oui,Non,1,Oui,Non,Non
diarkoum,https://diarkoum.tn/details.php?id_annonce=9963,Appartement,419999,2023-05-02,Tunis,La Marsa,La Marsa,2070,99,Non,Non,Neuf,Moyen standing,2,1,Non,Non,Oui,Non,Oui,Oui,,Non,Non,Oui
diarkoum,https://diarkoum.tn/details.php?id_annonce=9961,Appartement,680000,2023-05-02,Tunis,La Marsa,La Marsa,2070,156,Non,Non,Neuf,Moyen standing,2,1,Non,Oui,Oui,Non,Oui,Oui,,Non,Non,Oui
diarkoum,https://diarkoum.tn/details.php?id_annonce=9959,Appartement,560000,2023-05-02,Tunis,La Marsa,La Marsa,2070,156,Non,Non,Neuf,Haut standing,3,1,Oui,Non,Oui,Non,Non,Oui,1,Non,Non,Non
diarkoum,https://diarkoum.tn/details.php?id_annonce=9952,Appartement,750,2023-04-28,Nabeul,Kélibia,Kélibia,8000,130,Non,Non,Neuf,Non précisé,3,1,Non,Non,Oui,Non,Non,Non,,Non,Non,Non
diarkoum,https://diarkoum.tn/details.php?id_annonce=9940,Appartement,420000,2023-04-28,Tunis,Cité El Khadra,Cité El Khadra,1000,100,Non,Non,Neuf,Non précisé,3,1,Non,Non,Non,Non,Non,Oui,0,Non,Non,Non
diarkoum,https://diarkoum.tn/details.php?id_annonce=9934,Appartement,220000,2023-04-27,Ben Arous,El Mourouj,El Mourouj,2074,97,Non,Non,Neuf,Moyen standing,2,1,Non,Oui,Oui,Non,Oui,Non,3,Oui,Non,Non
diarkoum,https://diarkoum.tn/details.php?id_annonce=9933,Appartement,200000,2023-04-27,Ben Arous,El Mourouj,El Mourouj,2074,107,Non,Non,Neuf,Moyen standing,2,1,Non,Non,Non,Non,Oui,Non,2,Oui,Non,Non
diarkoum,https://diarkoum.tn/details.php?id_annonce=9922,Appartement,275000,2023-04-25,Tunis,Ain zaghouan,Ain zaghouan,1100,126,Oui,Non,Neuf,Non précisé,3,1,Non,Oui,Non,Non,Oui,Non,5,Non,Non,Non
diarkoum,https://diarkoum.tn/details.php?id_annonce=9912,Appartement,100000,2023-04-18,Nabeul,Hammamet,Hammamet,8050,38,Non,Non,Neuf,Non précisé,1,1,Non,Non,Non,Non,Non,Non,,Non,Non,Non
diarkoum,https://diarkoum.tn/details.php?id_annonce=9889,Appartement,340000,2023-04-14,Bizerte,Bizerte Nord,Bizerte Nord,7000,129,Oui,Non,Neuf,Luxe,3,1,Non,Non,Non,Non,Non,Non,,Non,Non,Non
diarkoum,https://diarkoum.tn/details.php?id_annonce=9887,Appartement,105000,2023-04-14,Manouba,Mornaguia,Mornaguia,2010,72,Non,Non,Neuf,Non précisé,3,1,Non,Non,Oui,Non,Non,Non,,Non,Non,Non
diarkoum,https://diarkoum.tn/details.php?id_annonce=9882,Appartement,315000,2023-04-14,Ariana,La Soukra,La Soukra,2036,110,Non,Non,Neuf,Moyen standing,2,1,Oui,Oui,Oui,Non,Non,Non,1,Oui,Non,Non
diarkoum,https://diarkoum.tn/details.php?id_annonce=9869,Appartement,528000,2023-04-12,Sousse,Sousse Médina,Sousse Médina,4000,172,Non,Oui,Neuf,Non précisé,2,1,Oui,Oui,Non,Non,Non,Non,,Non,Non,Non
diarkoum,https://diarkoum.tn/details.php?id_annonce=9868,Appartement,140000,2023-04-12,Sousse,Sousse Médina,Sousse Médina,4000,33,Non,Non,Neuf,Non précisé,,1,Non,Non,Non,Non,Non,Non,5,Non,Non,Non
diarkoum,https://diarkoum.tn/details.php?id_annonce=9843,Appartement,343000,2023-04-10,Sousse,Sousse Médina,Sousse Médina,4000,93,Non,Non,Neuf,Non précisé,2,1,Oui,Non,Non,Non,Non,Non,4,Non,Non,Non
diarkoum,https://diarkoum.tn/details.php?id_annonce=9841,Appartement,310000,2023-04-10,Sousse,Sousse Médina,Sousse Médina,4000,138,Non,Non,Neuf,Haut standing,2,1,Oui,Non,Non,Non,Non,Non,0,Non,Non,Non
diarkoum,https://diarkoum.tn/details.php?id_annonce=9840,Appartement,285000,2023-04-10,Sousse,Sousse Médina,Sousse Médina,4000,70,Non,Oui,Neuf,Non précisé,1,1,Non,Non,Non,Non,Non,Non,6,Non,Non,Non
diarkoum,https://diarkoum.tn/details.php?id_annonce=9842,Appartement,826000,2023-04-10,Sousse,Sousse Médina,Sousse Médina,4000,287,Non,Oui,Neuf,Non précisé,3,1,Oui,Oui,Non,Non,Non,Non,,Non,Non,Non
diarkoum,https://diarkoum.tn/details.php?id_annonce=9835,Appartement,2023,2023-04-06,Bizerte,Ras Jebel,Ras Jebel,7000,2,Non,Non,Neuf,Non précisé,,,Non,Non,Non,Non,Non,Non,,Non,Non,Non
diarkoum,https://diarkoum.tn/details.php?id_annonce=9830,Appartement,160000,2023-04-03,Bizerte,Ras Jebel,Ras Jebel,7000,50,Oui,Non,Neuf,Non précisé,2,1,Non,Non,Non,Non,Non,Non,2,Non,Non,Non
diarkoum,https://diarkoum.tn/details.php?id_annonce=9828,Appartement,170000,2023-04-03,Bizerte,Ras Jebel,Ras Jebel,7000,100,Non,Non,Neuf,Non précisé,2,1,Non,Non,Non,Non,Non,Non,1,Non,Non,Non
diarkoum,https://diarkoum.tn/details.php?id_annonce=9821,Appartement,690000,2023-04-03,Tunis,El Menzah,El Menzah,1000,360,Non,Non,Neuf,Haut standing,3,1,Oui,Oui,Oui,Non,Oui,Non,6,Oui,Non,Oui
diarkoum,https://diarkoum.tn/details.php?id_annonce=9791,Appartement,420000,2023-03-29,Sousse,Sousse Médina,Sousse Médina,4000,170,Non,Non,Neuf,Haut standing,3,1,Non,Non,Oui,Oui,Oui,Non,,Non,Non,Oui
diarkoum,https://diarkoum.tn/details.php?id_annonce=9790,Appartement,472500,2023-03-29,Sousse,Sousse Médina,Sousse Médina,4000,137,Non,Non,Neuf,Non précisé,2,1,Non,Non,Non,Non,Non,Non,,Non,Non,Non
diarkoum,https://diarkoum.tn/details.php?id_annonce=9789,Appartement,350000,2023-03-29,Sousse,Sousse Médina,Sousse Médina,4000,102,Non,Non,Neuf,Non précisé,2,1,Non,Oui,Non,Non,Non,Non,,Non,Non,Non
diarkoum,https://diarkoum.tn/details.php?id_annonce=9788,Appartement,350000,2023-03-29,Sousse,Sousse Médina,Sousse Médina,4000,115,Non,Non,Neuf,Non précisé,2,1,Non,Oui,Non,Non,Non,Non,2,Non,Non,Non
diarkoum,https://diarkoum.tn/details.php?id_annonce=9787,Appartement,310000,2023-03-29,Sousse,Sousse Médina,Sousse Médina,4000,138,Non,Non,Neuf,Haut standing,2,1,Oui,Non,Non,Non,Non,Non,0,Non,Non,Non
diarkoum,https://diarkoum.tn/details.php?id_annonce=9675,Appartement,2500,2023-03-27,Ben Arous,El Mourouj,El Mourouj,2074,140,Non,Non,Neuf,Non précisé,2,1,Non,Non,Non,Non,Non,Non,,Non,Non,Non
diarkoum,https://diarkoum.tn/details.php?id_annonce=9670,Appartement,8000,2023-03-27,Tunis,La Marsa,La Marsa,2070,132,Non,Non,Neuf,Haut standing,2,2,Non,Non,Non,Non,Non,Non,,Non,Non,Non
diarkoum,https://diarkoum.tn/details.php?id_annonce=9764,Appartement,310000,2023-03-25,Nabeul,Hammamet,Hammamet,8050,131,Non,Non,Neuf,Moyen standing,3,2,Non,Oui,Non,Non,Oui,Non,,Non,Non,Oui
diarkoum,https://diarkoum.tn/details.php?id_annonce=9763,Appartement,580000,2023-03-25,Nabeul,Hammamet,Hammamet,8050,220,Non,Non,Neuf,Luxe,4,4,Non,Non,Non,Non,Non,Non,,Non,Non,Non
diarkoum,https://diarkoum.tn/details.php?id_annonce=9754,Appartement,225,2023-03-23,Nabeul,Hammamet,Hammamet,8050,100,Non,Non,Neuf,Non précisé,2,,Non,Non,Non,Non,Non,Non,,Non,Non,Non
diarkoum,https://diarkoum.tn/details.php?id_annonce=9753,Appartement,225,2023-03-23,Nabeul,Hammamet,Hammamet,8050,100,Non,Non,Neuf,Non précisé,2,1,Non,Non,Non,Non,Non,Non,2,Non,Non,Non
diarkoum,https://diarkoum.tn/details.php?id_annonce=9739,Appartement,890000,2023-03-21,Nabeul,Hammamet,Hammamet,8050,190,Non,Non,Neuf,Non précisé,2,2,Non,Non,Oui,Oui,Non,Non,,Non,Non,Non
diarkoum,https://diarkoum.tn/details.php?id_annonce=9723,Appartement,185000,2023-03-21,Nabeul,Kélibia,Kélibia,8000,95,Non,Non,Neuf,Non précisé,2,1,Oui,Oui,Non,Non,Non,Non,1,Non,Non,Non
diarkoum,https://diarkoum.tn/details.php?id_annonce=9737,Appartement,185000,2023-03-21,Nabeul,Kélibia,Kélibia,8000,100,Non,Non,Neuf,Non précisé,2,1,Non,Non,Non,Non,Non,Non,4,Non,Non,Non
diarkoum,https://diarkoum.tn/details.php?id_annonce=9738,Appartement,220000,2023-03-21,Nabeul,Kélibia,Kélibia,8000,120,Non,Non,Neuf,Luxe,2,1,Oui,Non,Non,Non,Non,Non,1,Non,Non,Oui
diarkoum,https://diarkoum.tn/details.php?id_annonce=9733,Appartement,340000,2023-03-21,Nabeul,Hammamet,Hammamet,8050,114,Non,Non,Neuf,Haut standing,2,1,Oui,Non,Non,Oui,Non,Non,,Non,Non,Oui
diarkoum,https://diarkoum.tn/details.php?id_annonce=9727,Appartement,220000,2023-03-21,Nabeul,Kélibia,Kélibia,8000,109,Non,Oui,Neuf,Non précisé,2,1,Oui,Non,Non,Non,Non,Non,1,Non,Non,Non
diarkoum,https://diarkoum.tn/details.php?id_annonce=9715,Appartement,450000,2023-03-19,Sousse,Hammam Sousse,Hammam Sousse,4011,200,Non,Non,Neuf,Haut standing,4,3,Oui,Non,Oui,Non,Oui,Oui,,Non,Non,Oui
diarkoum,https://diarkoum.tn/details.php?id_annonce=9705,Appartement,520000,2023-03-18,Bizerte,Ras Jebel,Ras Jebel,7000,220,Oui,Non,Neuf,Luxe,6,3,Non,Non,Non,Non,Non,Non,3,Non,Non,Non
diarkoum,https://diarkoum.tn/details.php?id_annonce=9666,Appartement,140000,2023-03-08,Nabeul,Kélibia,Kélibia,8000,85,Titre Bleu,Non,Neuf,Non précisé,2,1,Non,Non,Non,Non,Non,Non,1,Non,Non,Non
diarkoum,https://diarkoum.tn/details.php?id_annonce=9667,Appartement,220000,2023-03-08,Nabeul,Kélibia,Kélibia,8000,119,Titre Bleu,Non,Neuf,Non précisé,2,1,Non,Non,Non,Non,Non,Oui,,Non,Non,Non
diarkoum,https://diarkoum.tn/details.php?id_annonce=9665,Appartement,145000,2023-03-08,Nabeul,Kélibia,Kélibia,8000,110,Titre Bleu,Non,Neuf,Non précisé,2,1,Non,Non,Non,Non,Non,Non,2,Non,Non,Non
diarkoum,https://diarkoum.tn/details.php?id_annonce=9612,Appartement,170000,2023-03-01,Nabeul,Kélibia,Kélibia,8000,108,Non,Non,Neuf,Non précisé,,,Non,Non,Non,Non,Non,Non,,Non,Non,Non
diarkoum,https://diarkoum.tn/details.php?id_annonce=9580,Appartement,825000,2023-02-27,Tunis,Le Kram,Le Kram,2015,165,Non,Non,Neuf,Moyen standing,3,2,Oui,Oui,Oui,Non,Oui,Oui,2,Non,Non,Oui
diarkoum,https://diarkoum.tn/details.php?id_annonce=9387,Appartement,360000,2023-02-27,Tunis,El aouina,El aouina,2045,119,Non,Non,Neuf,Non précisé,1,1,Non,Non,Oui,Non,Oui,Non,2,Non,Non,Non
diarkoum,https://diarkoum.tn/details.php?id_annonce=9391,Appartement,210000,2023-02-27,Ariana,Ariana Ville,Ariana Ville,2080,126,Non,Non,Neuf,Non précisé,3,1,Non,Oui,Oui,Non,Oui,Non,2,Non,Non,Non
diarkoum,https://diarkoum.tn/details.php?id_annonce=9534,Appartement,180000,2023-02-22,Tunis,La Marsa,La Marsa,2070,70,Non,Non,Neuf,Moyen standing,1,1,Non,Non,Oui,Non,Oui,Oui,0,Non,Non,Oui
diarkoum,https://diarkoum.tn/details.php?id_annonce=9533,Appartement,1300,2023-02-22,Tunis,La Marsa,La Marsa,2070,40,Non,Non,Neuf,Moyen standing,,,Non,Non,Non,Non,Oui,Non,,Non,Non,Oui
diarkoum,https://diarkoum.tn/details.php?id_annonce=9507,Appartement,550000,2023-02-17,Tunis,Le Kram,Le Kram,2015,153,Non,Non,Neuf,Moyen standing,3,2,Oui,Non,Oui,Non,Oui,Oui,,Non,Non,Oui
diarkoum,https://diarkoum.tn/details.php?id_annonce=9492,Appartement,770000,2023-02-17,Tunis,Le Kram,Le Kram,2015,220,Non,Non,Neuf,Moyen standing,3,2,Oui,Non,Oui,Non,Oui,Oui,0,Non,Non,Oui
diarkoum,https://diarkoum.tn/details.php?id_annonce=9486,Appartement,850000,2023-02-16,Tunis,Carthage,Carthage,2016,150,Non,Non,Neuf,Non précisé,3,2,Oui,Non,Non,Non,Oui,Oui,0,Non,Non,Non
diarkoum,https://diarkoum.tn/details.php?id_annonce=9482,Appartement,450000,2023-02-15,Tunis,La Marsa,La Marsa,2070,100,Non,Non,Neuf,Moyen standing,3,1,Non,Non,Oui,Non,Oui,Oui,0,Non,Non,Oui
diarkoum,https://diarkoum.tn/details.php?id_annonce=9462,Appartement,590000,2023-02-15,Ariana,La Soukra,La Soukra,2036,143,Non,Non,Neuf,Non précisé,4,2,Oui,Non,Non,Non,Non,Oui,0,Non,Non,Non
diarkoum,https://diarkoum.tn/details.php?id_annonce=9403,Appartement,335000,2023-02-02,Ariana,Ariana Ville,Ariana Ville,2080,147,Non,Non,Neuf,Moyen standing,3,1,Non,Non,Oui,Non,Oui,Non,1,Oui,Non,Non
diarkoum,https://diarkoum.tn/details.php?id_annonce=9402,Appartement,285000,2023-02-02,Tunis,El Menzah,El Menzah,1000,125,Non,Non,Neuf,Moyen standing,4,1,Oui,Non,Non,Non,Oui,Non,2,Oui,Non,Non
diarkoum,https://diarkoum.tn/details.php?id_annonce=9361,Appartement,405000,2023-02-02,Ariana,Ariana Ville,Ariana Ville,2080,180,Non,Non,Neuf,Haut standing,3,2,Oui,Non,Oui,Non,Oui,Non,5,Non,Non,Oui
diarkoum,https://diarkoum.tn/details.php?id_annonce=9362,Appartement,320000,2023-02-02,Ariana,Ariana Ville,Ariana Ville,2080,135,Non,Non,Neuf,Haut standing,3,2,Oui,Non,Oui,Non,Oui,Non,1,Non,Non,Oui
diarkoum,https://diarkoum.tn/details.php?id_annonce=9388,Appartement,240000,2023-01-31,Tunis,Cité El Khadra,Cité El Khadra,1000,120,Non,Non,Neuf,Non précisé,3,2,Non,Non,Non,Non,Oui,Non,2,Non,Non,Non
diarkoum,https://diarkoum.tn/details.php?id_annonce=9386,Appartement,450000,2023-01-30,Tunis,La Marsa,La Marsa,2070,200,Non,Non,Neuf,Non précisé,3,2,Non,Non,Oui,Non,Non,Non,3,Non,Non,Non
diarkoum,https://diarkoum.tn/details.php?id_annonce=9373,Appartement,185000,2023-01-25,Nabeul,Hammamet,Hammamet,8050,1,Non,Non,Neuf,Non précisé,1,2,Non,Non,Non,Oui,Non,Non,,Non,Non,Non
diarkoum,https://diarkoum.tn/details.php?id_annonce=9368,Appartement,288000,2023-01-23,Nabeul,Hammamet,Hammamet,8050,120,Non,Non,Neuf,Moyen standing,2,1,Non,Non,Non,Non,Oui,Non,,Non,Non,Oui
diarkoum,https://diarkoum.tn/details.php?id_annonce=9366,Appartement,275000,2023-01-23,Nabeul,Hammamet,Hammamet,8050,102,Non,Non,Neuf,Moyen standing,2,1,Non,Non,Non,Non,Oui,Non,,Non,Non,Oui
diarkoum,https://diarkoum.tn/details.php?id_annonce=8935,Appartement,350000,2023-01-20,Nabeul,Hammamet,Hammamet,8050,81,Non,Non,Neuf,Haut standing,2,1,Non,Non,Non,Non,Non,Non,,Non,Non,Non
diarkoum,https://diarkoum.tn/details.php?id_annonce=8894,Appartement,20230,2023-01-09,Sousse,Sousse Médina,Sousse Médina,4000,0,Non,Non,Neuf,Moyen standing,,,Oui,Non,Non,Non,Oui,Non,0,Non,Non,Non
diarkoum,https://diarkoum.tn/details.php?id_annonce=9239,Appartement,140000,2023-01-06,Nabeul,Hammamet,Hammamet,8050,45,Non,Non,Neuf,Moyen standing,1,1,Non,Non,Non,Non,Oui,Non,1,Non,Non,Oui
diarkoum,https://diarkoum.tn/details.php?id_annonce=9236,Appartement,280000,2023-01-05,Nabeul,Hammamet,Hammamet,8050,120,Non,Non,Neuf,Haut standing,2,1,Non,Oui,Oui,Oui,Non,Non,0,Non,Non,Oui
diarkoum,https://diarkoum.tn/details.php?id_annonce=9234,Appartement,310000,2023-01-05,Nabeul,Hammamet,Hammamet,8050,114,Non,Non,Neuf,Moyen standing,1,1,Non,Non,Oui,Non,Oui,Non,1,Non,Non,Oui
diarkoum,https://diarkoum.tn/details.php?id_annonce=9191,Appartement,400000,2023-01-05,Nabeul,Hammamet,Hammamet,8050,90,Non,Non,Neuf,Haut standing,2,1,Non,Non,Oui,Oui,Oui,Non,4,Oui,Non,Oui
diarkoum,https://diarkoum.tn/details.php?id_annonce=9204,Appartement,270000,2023-01-05,Nabeul,Hammamet,Hammamet,8050,80,Non,Non,Neuf,Haut standing,1,1,Non,Non,Oui,Non,Oui,Non,,Oui,Non,Oui
diarkoum,https://diarkoum.tn/details.php?id_annonce=9209,Appartement,150000,2023-01-05,Nabeul,Hammamet,Hammamet,8050,90,Non,Non,Neuf,Non précisé,2,1,Non,Non,Non,Non,Non,Non,0,Non,Non,Non
diarkoum,https://diarkoum.tn/details.php?id_annonce=9232,Appartement,302400,2023-01-05,Nabeul,Hammamet,Hammamet,8050,126,Non,Non,Neuf,Haut standing,2,1,Non,Oui,Non,Non,Non,Non,,Non,Non,Non
diarkoum,https://diarkoum.tn/details.php?id_annonce=9226,Appartement,200000,2023-01-05,Nabeul,Hammamet,Hammamet,8050,75,Non,Non,Neuf,Moyen standing,1,1,Non,Oui,Non,Non,Oui,Non,1,Non,Non,Oui
diarkoum,https://diarkoum.tn/details.php?id_annonce=9211,Appartement,250000,2023-01-04,Nabeul,Hammamet,Hammamet,8050,100,Non,Non,Neuf,Haut standing,2,1,Oui,Oui,Oui,Non,Oui,Non,2,Non,Oui,Oui
diarkoum,https://diarkoum.tn/details.php?id_annonce=9208,Appartement,460000,2023-01-04,Nabeul,Hammamet,Hammamet,8050,92,Non,Non,Neuf,Haut standing,2,1,Non,Non,Oui,Oui,Oui,Non,2,Non,Non,Oui
diarkoum,https://diarkoum.tn/details.php?id_annonce=9207,Appartement,380000,2023-01-04,Nabeul,Hammamet,Hammamet,8050,107,Non,Non,Neuf,Haut standing,2,1,Non,Oui,Oui,Oui,Oui,Non,2,Non,Non,Oui
diarkoum,https://diarkoum.tn/details.php?id_annonce=9206,Appartement,270000,2023-01-04,Nabeul,Hammamet,Hammamet,8050,145,Non,Non,Neuf,Moyen standing,3,1,Non,Oui,Non,Non,Oui,Non,1,Non,Non,Oui
diarkoum,https://diarkoum.tn/details.php?id_annonce=9192,Appartement,260000,2023-01-03,Nabeul,Hammamet,Hammamet,8050,100,Non,Non,Neuf,Moyen standing,2,1,Non,Oui,Non,Non,Oui,Non,2,Non,Non,Oui
diarkoum,https://diarkoum.tn/details.php?id_annonce=9189,Appartement,190000,2023-01-03,Nabeul,Hammamet,Hammamet,8050,55,Non,Non,Neuf,Non précisé,1,1,Non,Oui,Non,Non,Non,Non,,Non,Non,Non
diarkoum,https://diarkoum.tn/details.php?id_annonce=9188,Appartement,450000,2023-01-03,Nabeul,Hammamet,Hammamet,8050,175,Non,Non,Neuf,Non précisé,1,1,Non,Non,Non,Oui,Non,Oui,0,Non,Non,Non
diarkoum,https://diarkoum.tn/details.php?id_annonce=9143,Appartement,180000,2022-12-24,Nabeul,Nabeul,Nabeul,8000,99,Non,Non,Neuf,Non précisé,2,1,Non,Oui,Non,Non,Non,Non,5,Non,Non,Non
diarkoum,https://diarkoum.tn/details.php?id_annonce=9134,Appartement,650000,2022-12-21,Nabeul,Hammamet,Hammamet,8050,185,Non,Non,Neuf,Non précisé,3,2,Oui,Oui,Oui,Non,Non,Non,3,Non,Non,Non
diarkoum,https://diarkoum.tn/details.php?id_annonce=9108,Appartement,200000,2022-12-16,Ben Arous,Ezzahra,Ezzahra,2034,105,Non,Non,Neuf,Haut standing,2,1,Oui,Oui,Oui,Non,Oui,Non,2,Non,Non,Oui
diarkoum,https://diarkoum.tn/details.php?id_annonce=9062,Appartement,285000,2022-12-02,Tunis,Le Kram,Le Kram,2015,72,Non,Non,Neuf,Haut standing,1,1,Oui,Oui,Oui,Non,Non,Oui,4,Non,Non,Non
diarkoum,https://diarkoum.tn/details.php?id_annonce=9017,Appartement,135000,2022-11-24,Nabeul,Kélibia,Kélibia,8000,125,Non,Non,Neuf,Non précisé,2,1,Non,Non,Non,Non,Non,Non,2,Non,Non,Non
diarkoum,https://diarkoum.tn/details.php?id_annonce=8973,Appartement,325000,2022-11-16,Tunis,Le Kram,Le Kram,2015,77,Non,Non,Neuf,Moyen standing,1,1,Oui,Non,Oui,Non,Non,Oui,,Non,Non,Oui
diarkoum,https://diarkoum.tn/details.php?id_annonce=8974,Appartement,385000,2022-11-16,Ariana,La Soukra,La Soukra,2036,127,Non,Non,Neuf,Non précisé,2,2,Oui,Oui,Oui,Non,Non,Oui,2,Non,Non,Non
diarkoum,https://diarkoum.tn/details.php?id_annonce=8956,Appartement,210000,2022-11-05,Nabeul,Hammamet,Hammamet,8050,80,Non,Non,Neuf,Non précisé,1,1,Non,Non,Non,Non,Non,Non,2,Non,Non,Non
diarkoum,https://diarkoum.tn/details.php?id_annonce=8947,Appartement,220000,2022-10-29,Sousse,Hammam Sousse,Hammam Sousse,4011,110,Non,Non,Neuf,Haut standing,3,1,Oui,Non,Non,Non,Oui,Non,,Non,Non,Oui
diarkoum,https://diarkoum.tn/details.php?id_annonce=8903,Appartement,340000,2022-10-12,Mahdia,Mahdia,Mahdia,5100,116,Non,Oui,Neuf,Moyen standing,2,1,Non,Oui,Oui,Non,Non,Non,3,Oui,Non,Non
diarkoum,https://diarkoum.tn/details.php?id_annonce=8902,Appartement,435000,2022-10-11,Mahdia,Mahdia,Mahdia,5100,349,Non,Non,Neuf,Non précisé,6,2,Non,Oui,Non,Non,Non,Non,2,Non,Non,Non
diarkoum,https://diarkoum.tn/details.php?id_annonce=8881,Appartement,85000,2022-09-27,Nabeul,Hammamet,Hammamet,8050,70,Non,Non,Neuf,Non précisé,2,1,Non,Non,Non,Non,Non,Non,1,Non,Non,Non
diarkoum,https://diarkoum.tn/details.php?id_annonce=8875,Appartement,145000,2022-09-25,Nabeul,Hammamet,Hammamet,8050,75,Titre Bleu,Non,Neuf,Non précisé,2,1,Non,Non,Oui,Non,Non,Non,1,Non,Non,Non
diarkoum,https://diarkoum.tn/details.php?id_annonce=8872,Appartement,115000,2022-09-25,Nabeul,Hammamet,Hammamet,8050,50,Non,Non,Neuf,Non précisé,1,1,Non,Non,Non,Non,Non,Non,2,Non,Non,Non
diarkoum,https://diarkoum.tn/details.php?id_annonce=8869,Appartement,185000,2022-09-25,Nabeul,Hammamet,Hammamet,8050,70,Titre Bleu,Non,Neuf,Non précisé,4,2,Non,Non,Non,Non,Non,Non,2,Non,Non,Non
diarkoum,https://diarkoum.tn/details.php?id_annonce=8866,Appartement,410000,2022-09-25,Nabeul,Hammamet,Hammamet,8050,190,Non,Oui,Neuf,Haut standing,3,2,Oui,Oui,Non,Non,Non,Non,1,Non,Non,Non
diarkoum,https://diarkoum.tn/details.php?id_annonce=8865,Appartement,540000,2022-09-25,Nabeul,Hammamet,Hammamet,8050,185,Non,Non,Neuf,Non précisé,3,2,Non,Non,Oui,Oui,Non,Non,2,Non,Non,Non
diarkoum,https://diarkoum.tn/details.php?id_annonce=8862,Appartement,240000,2022-09-24,Nabeul,Hammamet,Hammamet,8050,80,Non,Non,Neuf,Non précisé,2,1,Non,Non,Non,Non,Oui,Non,0,Non,Non,Non
diarkoum,https://diarkoum.tn/details.php?id_annonce=8858,Appartement,240000,2022-09-24,Nabeul,Hammamet,Hammamet,8050,90,Non,Non,Neuf,Non précisé,2,1,Non,Oui,Non,Non,Non,Non,1,Non,Non,Non
diarkoum,https://diarkoum.tn/details.php?id_annonce=8847,Appartement,280000,2022-09-23,Nabeul,Korba,Korba,8070,216,Titre Individuel,Non,Neuf,Non précisé,4,2,Non,Non,Oui,Non,Non,Non,2,Non,Non,Non
diarkoum,https://diarkoum.tn/details.php?id_annonce=8840,Appartement,160000,2022-09-23,Nabeul,Hammamet,Hammamet,8050,110,Non,Non,Neuf,Non précisé,2,1,Non,Non,Non,Non,Non,Non,1,Non,Non,Non
diarkoum,https://diarkoum.tn/details.php?id_annonce=8836,Appartement,190000,2022-09-23,Nabeul,Hammamet,Hammamet,8050,70,Titre Bleu,Non,Neuf,Non précisé,4,2,Non,Non,Non,Non,Non,Non,,Non,Non,Non
diarkoum,https://diarkoum.tn/details.php?id_annonce=8829,Appartement,205000,2022-09-22,Nabeul,Hammamet,Hammamet,8050,87,Non,Non,Neuf,Haut standing,1,1,Oui,Non,Oui,Non,Non,Non,4,Oui,Non,Oui
diarkoum,https://diarkoum.tn/details.php?id_annonce=8826,Appartement,20220,2022-09-22,Nabeul,Hammamet,Hammamet,8050,70,Non,Non,Neuf,Non précisé,2,1,Non,Non,Non,Non,Non,Non,,Non,Non,Non
diarkoum,https://diarkoum.tn/details.php?id_annonce=8817,Appartement,240000,2022-09-22,Nabeul,Hammamet,Hammamet,8050,80,Non,Non,Neuf,Non précisé,2,1,Non,Non,Non,Non,Oui,Non,0,Non,Non,Non
diarkoum,https://diarkoum.tn/details.php?id_annonce=8816,Appartement,280000,2022-09-22,Nabeul,Hammamet,Hammamet,8050,91,Non,Non,Neuf,Non précisé,2,1,Non,Non,Oui,Oui,Non,Oui,,Non,Non,Non
diarkoum,https://diarkoum.tn/details.php?id_annonce=8806,Appartement,450000,2022-09-20,Nabeul,Hammamet,Hammamet,8050,450000,Non,Non,Neuf,Non précisé,2,1,Non,Non,Non,Non,Non,Oui,,Non,Non,Non
diarkoum,https://diarkoum.tn/details.php?id_annonce=8804,Appartement,230000,2022-09-20,Nabeul,Hammamet,Hammamet,8050,105,Non,Non,Neuf,Moyen standing,2,2,Non,Oui,Oui,Non,Oui,Non,,Non,Non,Oui
diarkoum,https://diarkoum.tn/details.php?id_annonce=8801,Appartement,235000,2022-09-20,Nabeul,Hammamet,Hammamet,8050,124,Non,Non,Neuf,Haut standing,2,1,Oui,Non,Oui,Oui,Oui,Non,2,Non,Non,Oui
diarkoum,https://diarkoum.tn/details.php?id_annonce=8798,Appartement,175000,2022-09-20,Nabeul,Hammamet,Hammamet,8050,85,Non,Non,Neuf,Non précisé,1,1,Non,Non,Non,Non,Non,Non,,Non,Non,Non
diarkoum,https://diarkoum.tn/details.php?id_annonce=8791,Appartement,320000,2022-09-18,Nabeul,Nabeul,Nabeul,8000,150,Non,Non,Neuf,Non précisé,3,2,Non,Oui,Non,Non,Non,Non,,Non,Non,Non
diarkoum,https://diarkoum.tn/details.php?id_annonce=8788,Appartement,225000,2022-09-18,Nabeul,Hammamet,Hammamet,8050,100,Oui,Non,Neuf,Non précisé,2,1,Non,Non,Non,Non,Oui,Non,0,Non,Non,Non
diarkoum,https://diarkoum.tn/details.php?id_annonce=8785,Appartement,20220,2022-09-18,Nabeul,Hammamet,Hammamet,8050,70,Non,Non,Neuf,Non précisé,2,1,Non,Non,Non,Non,Non,Non,1,Non,Non,Non
diarkoum,https://diarkoum.tn/details.php?id_annonce=8782,Appartement,550000,2022-09-18,Nabeul,Hammamet,Hammamet,8050,130,Non,Non,Neuf,Non précisé,2,1,Non,Non,Non,Non,Non,Non,,Non,Non,Non
diarkoum,https://diarkoum.tn/details.php?id_annonce=8776,Appartement,110000,2022-09-17,Nabeul,Hammamet,Hammamet,8050,40,Non,Non,Neuf,Non précisé,1,1,Non,Non,Non,Non,Non,Non,,Non,Non,Non
diarkoum,https://diarkoum.tn/details.php?id_annonce=8772,Appartement,250000,2022-09-17,Nabeul,Hammamet,Hammamet,8050,82,Non,Non,Neuf,Moyen standing,2,1,Oui,Oui,Oui,Oui,Non,Non,0,Non,Non,Non
diarkoum,https://diarkoum.tn/details.php?id_annonce=8769,Appartement,105000,2022-09-17,Nabeul,Hammamet,Hammamet,8050,60,Non,Non,Neuf,Non précisé,1,1,Non,Non,Non,Non,Non,Oui,0,Non,Non,Non
diarkoum,https://diarkoum.tn/details.php?id_annonce=8764,Appartement,300000,2022-09-16,Nabeul,Nabeul,Nabeul,8000,106,Non,Non,Neuf,Non précisé,3,1,Non,Non,Non,Non,Non,Non,,Non,Non,Oui
diarkoum,https://diarkoum.tn/details.php?id_annonce=8750,Appartement,205000,2022-09-15,Nabeul,Hammamet,Hammamet,8050,75,Non,Non,Neuf,Non précisé,2,1,Non,Non,Non,Non,Non,Non,0,Non,Non,Non
diarkoum,https://diarkoum.tn/details.php?id_annonce=8741,Appartement,95000,2022-09-15,Nabeul,Hammamet,Hammamet,8050,70,Non,Non,Neuf,Non précisé,2,1,Non,Non,Non,Non,Oui,Non,1,Non,Non,Non
diarkoum,https://diarkoum.tn/details.php?id_annonce=8747,Appartement,515000,2022-09-15,Nabeul,Hammamet,Hammamet,8050,133,Non,Non,Neuf,Moyen standing,2,1,Non,Non,Oui,Non,Oui,Non,1,Non,Non,Oui
diarkoum,https://diarkoum.tn/details.php?id_annonce=8744,Appartement,295000,2022-09-15,Nabeul,Hammamet,Hammamet,8050,90,Non,Non,Neuf,Haut standing,2,1,Oui,Non,Non,Oui,Oui,Non,1,Non,Non,Oui
diarkoum,https://diarkoum.tn/details.php?id_annonce=8737,Appartement,160000,2022-09-14,Nabeul,Hammamet,Hammamet,8050,100,Non,Non,Neuf,Non précisé,2,1,Non,Non,Non,Non,Non,Oui,1,Non,Non,Non
diarkoum,https://diarkoum.tn/details.php?id_annonce=8734,Appartement,280000,2022-09-14,Nabeul,Hammamet,Hammamet,8050,114,Non,Non,Neuf,Moyen standing,1,2,Non,Non,Oui,Non,Oui,Non,,Non,Non,Oui
diarkoum,https://diarkoum.tn/details.php?id_annonce=8731,Appartement,95000,2022-09-14,Nabeul,Nabeul,Nabeul,8000,70,Non,Non,Neuf,Non précisé,2,1,Non,Non,Non,Non,Non,Non,4,Non,Non,Non
diarkoum,https://diarkoum.tn/details.php?id_annonce=8724,Appartement,285000,2022-09-13,Nabeul,Hammamet,Hammamet,8050,83,Non,Non,Neuf,Non précisé,2,1,Non,Non,Non,Non,Non,Non,,Non,Non,Non
diarkoum,https://diarkoum.tn/details.php?id_annonce=8719,Appartement,205000,2022-09-13,Nabeul,Hammamet,Hammamet,8050,68,Non,Non,Neuf,Haut standing,1,1,Oui,Non,Non,Non,Oui,Non,,Non,Non,Oui
diarkoum,https://diarkoum.tn/details.php?id_annonce=8702,Appartement,260000,2022-09-11,Nabeul,Hammamet,Hammamet,8050,87,Non,Non,Neuf,Non précisé,2,1,Oui,Oui,Oui,Non,Non,Non,1,Non,Non,Non
diarkoum,https://diarkoum.tn/details.php?id_annonce=8699,Appartement,165000,2022-09-11,Nabeul,Nabeul,Nabeul,8000,172,Non,Non,Neuf,Non précisé,3,2,Non,Non,Non,Non,Non,Non,2,Non,Non,Non
diarkoum,https://diarkoum.tn/details.php?id_annonce=8696,Appartement,175000,2022-09-11,Nabeul,Hammamet,Hammamet,8050,175000,Non,Non,Neuf,Non précisé,1,1,Non,Non,Non,Non,Non,Non,1,Non,Non,Non
diarkoum,https://diarkoum.tn/details.php?id_annonce=8692,Appartement,105000,2022-09-11,Nabeul,Hammamet,Hammamet,8050,105000,Non,Non,Neuf,Non précisé,1,1,Non,Non,Non,Non,Non,Oui,0,Non,Non,Non
diarkoum,https://diarkoum.tn/details.php?id_annonce=8685,Appartement,380000,2022-09-10,Nabeul,Hammamet,Hammamet,8050,116,Titre Individuel,Non,Neuf,Non précisé,2,2,Non,Non,Oui,Oui,Non,Non,,Non,Non,Non
diarkoum,https://diarkoum.tn/details.php?id_annonce=8681,Appartement,340000,2022-09-10,Nabeul,Hammamet,Hammamet,8050,78,Non,Non,Neuf,Non précisé,1,1,Non,Non,Oui,Non,Non,Non,0,Non,Non,Non
diarkoum,https://diarkoum.tn/details.php?id_annonce=8677,Appartement,195000,2022-09-10,Nabeul,Hammamet,Hammamet,8050,89,Non,Non,Neuf,Moyen standing,2,1,Non,Non,Non,Non,Oui,Oui,0,Non,Non,Oui
diarkoum,https://diarkoum.tn/details.php?id_annonce=8673,Appartement,320000,2022-09-09,Nabeul,Hammamet,Hammamet,8050,120,Non,Non,Neuf,Non précisé,2,1,Non,Non,Oui,Non,Oui,Non,1,Non,Non,Non
diarkoum,https://diarkoum.tn/details.php?id_annonce=8670,Appartement,250000,2022-09-09,Nabeul,Hammamet,Hammamet,8050,120,Non,Non,Neuf,Non précisé,,,Non,Non,Non,Non,Non,Non,,Non,Non,Non
diarkoum,https://diarkoum.tn/details.php?id_annonce=8665,Appartement,250000,2022-09-09,Nabeul,Hammamet,Hammamet,8050,83,Non,Non,Neuf,Non précisé,2,1,Non,Non,Non,Non,Non,Non,0,Non,Non,Non
diarkoum,https://diarkoum.tn/details.php?id_annonce=8660,Appartement,105000,2022-09-08,Nabeul,Hammamet,Hammamet,8050,70,Non,Non,Neuf,Non précisé,2,1,Non,Non,Non,Non,Oui,Non,1,Non,Non,Non
diarkoum,https://diarkoum.tn/details.php?id_annonce=8656,Appartement,240000,2022-09-08,Nabeul,Hammamet,Hammamet,8050,54,Non,Non,Neuf,Non précisé,1,2,Non,Oui,Oui,Oui,Non,Non,1,Non,Non,Non
diarkoum,https://diarkoum.tn/details.php?id_annonce=8651,Appartement,80000,2022-09-08,Nabeul,Nabeul,Nabeul,8000,80,Non,Non,Neuf,Non précisé,2,1,Non,Non,Non,Non,Non,Non,4,Non,Non,Non
diarkoum,https://diarkoum.tn/details.php?id_annonce=8648,Appartement,245000,2022-09-08,Nabeul,Hammamet,Hammamet,8050,80,Non,Non,Neuf,Moyen standing,2,1,Non,Non,Non,Non,Oui,Non,,Non,Non,Oui
diarkoum,https://diarkoum.tn/details.php?id_annonce=8647,Appartement,155000,2022-09-08,Nabeul,Hammamet,Hammamet,8050,84,Non,Non,Neuf,Non précisé,2,1,Non,Non,Non,Non,Non,Non,,Non,Non,Non
diarkoum,https://diarkoum.tn/details.php?id_annonce=8645,Appartement,110000,2022-09-08,Nabeul,Hammamet,Hammamet,8050,40,Non,Non,Neuf,Non précisé,1,1,Non,Non,Non,Non,Non,Non,,Non,Non,Non
diarkoum,https://diarkoum.tn/details.php?id_annonce=8642,Appartement,380000,2022-09-07,Nabeul,Hammamet,Hammamet,8050,114,Non,Non,Neuf,Non précisé,2,2,Non,Non,Non,Non,Non,Non,,Non,Non,Oui
diarkoum,https://diarkoum.tn/details.php?id_annonce=8636,Appartement,350000,2022-09-07,Nabeul,Hammamet,Hammamet,8050,130,Non,Non,Neuf,Non précisé,2,2,Non,Non,Oui,Non,Non,Oui,2,Non,Non,Non
diarkoum,https://diarkoum.tn/details.php?id_annonce=8635,Appartement,570000,2022-09-07,Nabeul,Nabeul,Nabeul,8000,360,Titre Bleu,Non,Neuf,Non précisé,8,4,Non,Non,Oui,Non,Non,Non,0,Non,Non,Non
diarkoum,https://diarkoum.tn/details.php?id_annonce=8633,Appartement,130000,2022-09-07,Nabeul,Hammamet,Hammamet,8050,60,Non,Non,Neuf,Non précisé,2,1,Non,Non,Non,Non,Non,Non,2,Non,Non,Non
diarkoum,https://diarkoum.tn/details.php?id_annonce=8629,Appartement,165000,2022-09-06,Nabeul,Nabeul,Nabeul,8000,60,Non,Non,Neuf,Non précisé,2,1,Non,Non,Oui,Non,Non,Non,,Non,Non,Non
diarkoum,https://diarkoum.tn/details.php?id_annonce=8625,Appartement,225000,2022-09-06,Nabeul,Hammamet,Hammamet,8050,100,Oui,Non,Neuf,Non précisé,2,1,Non,Non,Non,Non,Oui,Non,0,Non,Non,Non
diarkoum,https://diarkoum.tn/details.php?id_annonce=8622,Appartement,335000,2022-09-06,Nabeul,Hammamet,Hammamet,8050,132,Non,Non,Neuf,Haut standing,2,2,Oui,Oui,Oui,Non,Oui,Oui,1,Non,Non,Oui
diarkoum,https://diarkoum.tn/details.php?id_annonce=8614,Appartement,280000,2022-09-06,Nabeul,Korba,Korba,8070,216,Titre Individuel,Non,Neuf,Non précisé,4,2,Non,Non,Oui,Non,Non,Non,0,Non,Non,Non
diarkoum,https://diarkoum.tn/details.php?id_annonce=8606,Appartement,150000,2022-09-04,Nabeul,Hammamet,Hammamet,8050,50,Oui,Non,Neuf,Non précisé,1,1,Non,Non,Non,Non,Non,Non,0,Non,Non,Non
diarkoum,https://diarkoum.tn/details.php?id_annonce=8601,Appartement,230000,2022-09-04,Nabeul,Hammamet,Hammamet,8050,70,Non,Non,Neuf,Non précisé,2,1,Non,Non,Non,Non,Non,Non,,Non,Non,Non
diarkoum,https://diarkoum.tn/details.php?id_annonce=8597,Appartement,205000,2022-09-04,Nabeul,Hammamet,Hammamet,8050,87,Non,Non,Neuf,Haut standing,1,1,Oui,Non,Oui,Non,Non,Non,4,Oui,Non,Oui
diarkoum,https://diarkoum.tn/details.php?id_annonce=8594,Appartement,280000,2022-09-04,Nabeul,Hammamet,Hammamet,8050,114,Non,Non,Neuf,Moyen standing,1,2,Non,Non,Oui,Non,Oui,Non,1,Non,Non,Oui
diarkoum,https://diarkoum.tn/details.php?id_annonce=8590,Appartement,175000,2022-09-04,Sousse,Akouda,Akouda,4022,33,Non,Non,Neuf,Non précisé,2,1,Non,Non,Non,Oui,Non,Non,1,Non,Non,Non
diarkoum,https://diarkoum.tn/details.php?id_annonce=8587,Appartement,240000,2022-09-03,Nabeul,Hammamet,Hammamet,8050,90,Non,Non,Neuf,Non précisé,2,1,Non,Oui,Non,Non,Non,Non,1,Non,Non,Non
diarkoum,https://diarkoum.tn/details.php?id_annonce=8583,Appartement,160000,2022-09-03,Nabeul,Hammamet,Hammamet,8050,110,Non,Non,Neuf,Non précisé,2,1,Non,Non,Non,Non,Non,Non,1,Non,Non,Non
diarkoum,https://diarkoum.tn/details.php?id_annonce=8580,Appartement,105000,2022-09-03,Nabeul,Hammamet,Hammamet,8050,70,Non,Non,Neuf,Non précisé,2,1,Non,Non,Non,Non,Oui,Non,1,Non,Non,Non
diarkoum,https://diarkoum.tn/details.php?id_annonce=8573,Appartement,145000,2022-09-03,Nabeul,Hammamet,Hammamet,8050,75,Titre Bleu,Non,Neuf,Non précisé,2,1,Non,Non,Oui,Non,Non,Non,1,Non,Non,Non
diarkoum,https://diarkoum.tn/details.php?id_annonce=8567,Appartement,330000,2022-09-02,Nabeul,Hammamet,Hammamet,8050,87,Non,Non,Neuf,Haut standing,1,1,Non,Non,Non,Oui,Non,Non,,Non,Non,Non
diarkoum,https://diarkoum.tn/details.php?id_annonce=8556,Appartement,235000,2022-09-02,Nabeul,Hammamet,Hammamet,8050,124,Non,Non,Neuf,Haut standing,2,1,Oui,Non,Oui,Non,Oui,Non,,Non,Non,Oui
diarkoum,https://diarkoum.tn/details.php?id_annonce=8552,Appartement,130000,2022-09-02,Nabeul,Hammamet,Hammamet,8050,60,Non,Non,Neuf,Non précisé,1,1,Non,Non,Non,Non,Non,Non,2,Non,Non,Non
diarkoum,https://diarkoum.tn/details.php?id_annonce=8524,Appartement,650000,2022-08-31,Tunis,El Menzah,El Menzah,1000,259,Non,Non,Neuf,Non précisé,3,2,Oui,Non,Non,Non,Non,Non,5,Non,Non,Non
diarkoum,https://diarkoum.tn/details.php?id_annonce=8522,Appartement,455000,2022-08-31,Tunis,El Menzah,El Menzah,1000,173,Non,Non,Neuf,Non précisé,3,1,Non,Non,Oui,Non,Oui,Non,1,Non,Non,Non
diarkoum,https://diarkoum.tn/details.php?id_annonce=8532,Appartement,185000,2022-08-31,Nabeul,Hammamet,Hammamet,8050,80,Non,Non,Neuf,Non précisé,1,1,Non,Non,Non,Non,Non,Non,1,Non,Non,Non
diarkoum,https://diarkoum.tn/details.php?id_annonce=8517,Appartement,280000,2022-08-28,Nabeul,Korba,Korba,8070,216,Titre Individuel,Non,Neuf,Non précisé,4,2,Non,Non,Oui,Non,Non,Non,0,Non,Non,Non
diarkoum,https://diarkoum.tn/details.php?id_annonce=8514,Appartement,432000,2022-08-28,Nabeul,Hammamet,Hammamet,8050,116,Non,Non,Neuf,Non précisé,3,1,Non,Non,Non,Oui,Non,Non,,Non,Non,Non
diarkoum,https://diarkoum.tn/details.php?id_annonce=8512,Appartement,360000,2022-08-28,Nabeul,Nabeul,Nabeul,8000,208,Non,Non,Neuf,Non précisé,3,2,Non,Non,Non,Non,Non,Non,,Non,Non,Non
diarkoum,https://diarkoum.tn/details.php?id_annonce=8496,Appartement,175000,2022-08-26,Nabeul,Hammamet,Hammamet,8050,85,Non,Non,Neuf,Non précisé,1,1,Non,Non,Non,Non,Non,Non,,Non,Non,Non
diarkoum,https://diarkoum.tn/details.php?id_annonce=8492,Appartement,95000,2022-08-26,Nabeul,Nabeul,Nabeul,8000,70,Non,Non,Neuf,Non précisé,2,1,Non,Non,Non,Non,Non,Non,4,Non,Non,Non
diarkoum,https://diarkoum.tn/details.php?id_annonce=8480,Appartement,290000,2022-08-25,Nabeul,Hammamet,Hammamet,8050,140,Non,Non,Neuf,Non précisé,2,2,Non,Non,Non,Non,Non,Non,,Non,Non,Oui
diarkoum,https://diarkoum.tn/details.php?id_annonce=8477,Appartement,165000,2022-08-25,Nabeul,Nabeul,Nabeul,8000,172,Non,Non,Neuf,Non précisé,3,2,Non,Non,Non,Non,Non,Non,1,Non,Non,Non
diarkoum,https://diarkoum.tn/details.php?id_annonce=8474,Appartement,145000,2022-08-25,Nabeul,Hammamet,Hammamet,8050,75,Titre Bleu,Non,Neuf,Non précisé,2,1,Non,Non,Oui,Non,Non,Non,,Non,Non,Non
diarkoum,https://diarkoum.tn/details.php?id_annonce=8471,Appartement,320000,2022-08-25,Nabeul,Hammamet,Hammamet,8050,106,Non,Non,Neuf,Non précisé,1,1,Non,Non,Non,Oui,Non,Non,1,Non,Non,Non
diarkoum,https://diarkoum.tn/details.php?id_annonce=8468,Appartement,210000,2022-08-25,Nabeul,Hammamet,Hammamet,8050,72,Non,Non,Neuf,Non précisé,3,1,Non,Non,Non,Non,Non,Non,,Non,Non,Non
diarkoum,https://diarkoum.tn/details.php?id_annonce=8467,Appartement,140000,2022-08-25,Nabeul,Hammamet,Hammamet,8050,100,Non,Non,Neuf,Non précisé,2,2,Non,Non,Non,Non,Non,Non,,Non,Non,Non
diarkoum,https://diarkoum.tn/details.php?id_annonce=8463,Appartement,235000,2022-08-24,Nabeul,Hammamet,Hammamet,8050,124,Non,Non,Neuf,Haut standing,2,1,Oui,Non,Oui,Oui,Oui,Non,2,Non,Non,Oui
diarkoum,https://diarkoum.tn/details.php?id_annonce=8460,Appartement,110000,2022-08-24,Nabeul,Hammamet,Hammamet,8050,40,Non,Non,Neuf,Non précisé,1,1,Non,Non,Non,Non,Non,Non,1,Non,Non,Non
diarkoum,https://diarkoum.tn/details.php?id_annonce=8447,Appartement,280000,2022-08-23,Nabeul,Korba,Korba,8070,216,Titre Individuel,Non,Neuf,Non précisé,4,2,Non,Non,Oui,Non,Non,Non,0,Non,Non,Non
diarkoum,https://diarkoum.tn/details.php?id_annonce=8444,Appartement,250000,2022-08-23,Nabeul,Hammamet,Hammamet,8050,120,Non,Non,Neuf,Non précisé,3,2,Non,Non,Non,Non,Non,Non,,Non,Non,Non
diarkoum,https://diarkoum.tn/details.php?id_annonce=8440,Appartement,380000,2022-08-23,Nabeul,Hammamet,Hammamet,8050,116,Titre Individuel,Non,Neuf,Non précisé,2,1,Non,Non,Oui,Oui,Non,Non,,Non,Non,Non
diarkoum,https://diarkoum.tn/details.php?id_annonce=8437,Appartement,165000,2022-08-23,Nabeul,Nabeul,Nabeul,8000,60,Non,Non,Neuf,Non précisé,1,1,Non,Non,Oui,Non,Non,Non,,Non,Non,Non
diarkoum,https://diarkoum.tn/details.php?id_annonce=8434,Appartement,205000,2022-08-23,Nabeul,Hammamet,Hammamet,8050,75,Non,Non,Neuf,Non précisé,2,1,Non,Non,Non,Non,Non,Non,0,Non,Non,Non
diarkoum,https://diarkoum.tn/details.php?id_annonce=8429,Appartement,160000,2022-08-21,Nabeul,Hammamet,Hammamet,8050,100,Non,Non,Neuf,Non précisé,2,1,Non,Non,Non,Non,Non,Oui,1,Non,Non,Non
diarkoum,https://diarkoum.tn/details.php?id_annonce=8427,Appartement,760000,2022-08-21,Nabeul,Hammamet,Hammamet,8050,261,Non,Non,Neuf,Non précisé,3,2,Oui,Non,Non,Oui,Non,Oui,,Non,Non,Non
diarkoum,https://diarkoum.tn/details.php?id_annonce=8425,Appartement,160000,2022-08-21,Nabeul,Hammamet,Hammamet,8050,115,Titre Bleu,Non,Neuf,Non précisé,2,1,Non,Non,Non,Non,Non,Non,2,Non,Non,Non
diarkoum,https://diarkoum.tn/details.php?id_annonce=8417,Appartement,350000,2022-08-20,Nabeul,Hammamet,Hammamet,8050,130,Non,Non,Neuf,Non précisé,2,1,Non,Non,Oui,Non,Non,Oui,,Non,Non,Non
diarkoum,https://diarkoum.tn/details.php?id_annonce=8414,Appartement,130000,2022-08-20,Nabeul,Hammamet,Hammamet,8050,60,Non,Non,Neuf,Non précisé,1,1,Non,Non,Non,Non,Non,Non,2,Non,Non,Non
diarkoum,https://diarkoum.tn/details.php?id_annonce=8411,Appartement,190000,2022-08-20,Nabeul,Hammamet,Hammamet,8050,89,Non,Non,Neuf,Moyen standing,2,1,Non,Non,Non,Non,Oui,Oui,0,Non,Non,Oui
diarkoum,https://diarkoum.tn/details.php?id_annonce=8407,Appartement,105000,2022-08-19,Nabeul,Hammamet,Hammamet,8050,70,Non,Non,Neuf,Non précisé,2,1,Non,Non,Non,Non,Oui,Non,1,Non,Non,Non
diarkoum,https://diarkoum.tn/details.php?id_annonce=8401,Appartement,185000,2022-08-19,Nabeul,Hammamet,Hammamet,8050,100,Non,Non,Neuf,Non précisé,1,1,Non,Non,Non,Non,Non,Non,1,Non,Non,Non
diarkoum,https://diarkoum.tn/details.php?id_annonce=8398,Appartement,320000,2022-08-19,Nabeul,Nabeul,Nabeul,8000,150,Non,Non,Neuf,Non précisé,3,2,Non,Oui,Non,Non,Non,Non,,Non,Non,Non
diarkoum,https://diarkoum.tn/details.php?id_annonce=8393,Appartement,380000,2022-08-18,Nabeul,Hammamet,Hammamet,8050,1140,Non,Non,Neuf,Non précisé,2,1,Non,Non,Non,Non,Non,Non,,Non,Non,Oui
diarkoum,https://diarkoum.tn/details.php?id_annonce=8389,Appartement,370000,2022-08-18,Nabeul,Nabeul,Nabeul,8000,108,Non,Non,Neuf,Haut standing,2,1,Oui,Non,Oui,Non,Oui,Non,,Oui,Non,Oui
diarkoum,https://diarkoum.tn/details.php?id_annonce=8387,Appartement,450000,2022-08-18,Nabeul,Hammamet,Hammamet,8050,263,Non,Non,Neuf,Non précisé,2,1,Non,Non,Non,Non,Non,Oui,,Non,Non,Non
diarkoum,https://diarkoum.tn/details.php?id_annonce=8386,Appartement,300000,2022-08-18,Nabeul,Hammamet,Hammamet,8050,108,Non,Non,Neuf,Haut standing,2,1,Oui,Oui,Oui,Oui,Oui,Non,,Non,Non,Oui
diarkoum,https://diarkoum.tn/details.php?id_annonce=8376,Appartement,300000,2022-08-17,Nabeul,Hammamet,Hammamet,8050,90,Non,Non,Neuf,Haut standing,2,1,Non,Oui,Oui,Oui,Non,Non,1,Oui,Non,Oui
diarkoum,https://diarkoum.tn/details.php?id_annonce=8373,Appartement,145000,2022-08-17,Nabeul,Hammamet,Hammamet,8050,75,Titre Bleu,Non,Neuf,Non précisé,2,1,Non,Non,Oui,Non,Non,Non,1,Non,Non,Oui
diarkoum,https://diarkoum.tn/details.php?id_annonce=8370,Appartement,260000,2022-08-16,Nabeul,Hammamet,Hammamet,8050,83,Non,Non,Neuf,Non précisé,2,1,Oui,Oui,Oui,Non,Non,Non,1,Non,Non,Non
diarkoum,https://diarkoum.tn/details.php?id_annonce=8367,Appartement,320000,2022-08-16,Nabeul,Hammamet,Hammamet,8050,107,Non,Non,Neuf,Non précisé,2,1,Non,Non,Non,Non,Non,Non,2,Non,Non,Non
diarkoum,https://diarkoum.tn/details.php?id_annonce=8364,Appartement,320000,2022-08-16,Nabeul,Hammamet,Hammamet,8050,120,Non,Non,Neuf,Non précisé,2,1,Non,Non,Oui,Non,Oui,Non,1,Non,Non,Non
diarkoum,https://diarkoum.tn/details.php?id_annonce=8358,Appartement,360000,2022-08-16,Nabeul,Nabeul,Nabeul,8000,208,Non,Non,Neuf,Non précisé,2,1,Non,Non,Non,Non,Non,Non,2,Non,Non,Non
diarkoum,https://diarkoum.tn/details.php?id_annonce=8357,Appartement,80000,2022-08-16,Nabeul,Nabeul,Nabeul,8000,80,Non,Non,Neuf,Non précisé,2,1,Non,Non,Non,Non,Non,Non,4,Non,Non,Non
diarkoum,https://diarkoum.tn/details.php?id_annonce=8352,Appartement,175000,2022-08-14,Nabeul,Hammamet,Hammamet,8050,85,Non,Non,Neuf,Non précisé,1,1,Non,Non,Non,Non,Non,Non,,Non,Non,Non
diarkoum,https://diarkoum.tn/details.php?id_annonce=8349,Appartement,320000,2022-08-14,Nabeul,Hammamet,Hammamet,8050,106,Non,Non,Neuf,Non précisé,1,1,Non,Non,Non,Oui,Non,Non,1,Non,Non,Non
diarkoum,https://diarkoum.tn/details.php?id_annonce=8346,Appartement,340000,2022-08-14,Nabeul,Hammamet,Hammamet,8050,78,Non,Non,Neuf,Non précisé,1,1,Non,Non,Oui,Non,Non,Non,0,Non,Non,Non
diarkoum,https://diarkoum.tn/details.php?id_annonce=8341,Appartement,230000,2022-08-13,Nabeul,Nabeul,Nabeul,8000,105,Non,Non,Neuf,Moyen standing,2,1,Non,Oui,Oui,Non,Oui,Non,,Non,Non,Oui
diarkoum,https://diarkoum.tn/details.php?id_annonce=8339,Appartement,145000,2022-08-13,Nabeul,Hammamet,Hammamet,8050,75,Titre Bleu,Non,Neuf,Non précisé,2,,Non,Non,Oui,Non,Non,Non,,Non,Non,Non
diarkoum,https://diarkoum.tn/details.php?id_annonce=8336,Appartement,550000,2022-08-13,Nabeul,Hammamet,Hammamet,8050,110,Non,Non,Neuf,Non précisé,,,Non,Non,Non,Non,Non,Non,,Non,Non,Non
diarkoum,https://diarkoum.tn/details.php?id_annonce=8296,Appartement,780000,2022-08-03,Nabeul,Hammamet,Hammamet,8050,111,Non,Oui,Neuf,Haut standing,2,2,Oui,Non,Oui,Non,Non,Non,1,Non,Non,Oui
diarkoum,https://diarkoum.tn/details.php?id_annonce=8279,Appartement,90000,2022-08-03,Nabeul,Hammamet,Hammamet,8050,120,Non,Non,Neuf,Non précisé,1,1,Non,Non,Non,Non,Non,Non,,Non,Non,Non
diarkoum,https://diarkoum.tn/details.php?id_annonce=8218,Appartement,780000,2022-08-01,Nabeul,Hammamet,Hammamet,8050,111,Non,Oui,Neuf,Haut standing,2,2,Oui,Non,Oui,Non,Non,Non,1,Non,Non,Oui
diarkoum,https://diarkoum.tn/details.php?id_annonce=8150,Appartement,450000,2022-07-29,Nabeul,Hammamet,Hammamet,8050,175,Non,Non,Neuf,Non précisé,1,1,Non,Non,Non,Oui,Non,Oui,0,Non,Non,Non
diarkoum,https://diarkoum.tn/details.php?id_annonce=8149,Appartement,950000,2022-07-29,Nabeul,Hammamet,Hammamet,8050,108,Non,Non,Neuf,Non précisé,2,2,Non,Non,Non,Oui,Non,Oui,,Non,Non,Non
diarkoum,https://diarkoum.tn/details.php?id_annonce=8148,Appartement,125000,2022-07-29,Sfax,Sakiet Eddaier,Sakiet Eddaier,3000,91,Oui,Non,Neuf,Non précisé,2,1,Non,Non,Non,Non,Non,Non,2,Non,Non,Non
diarkoum,https://diarkoum.tn/details.php?id_annonce=8147,Appartement,400000,2022-07-29,Nabeul,Hammamet,Hammamet,8050,90,Non,Non,Neuf,Haut standing,2,1,Non,Non,Oui,Oui,Oui,Non,4,Oui,Non,Oui
diarkoum,https://diarkoum.tn/details.php?id_annonce=8146,Appartement,470000,2022-07-29,Nabeul,Hammamet,Hammamet,8050,128,Non,Non,Neuf,Haut standing,2,1,Non,Non,Oui,Non,Oui,Non,1,Oui,Non,Oui
diarkoum,https://diarkoum.tn/details.php?id_annonce=8145,Appartement,470000,2022-07-29,Nabeul,Hammamet,Hammamet,8050,129,Non,Non,Neuf,Haut standing,2,2,Oui,Non,Oui,Non,Oui,Non,1,Oui,Non,Oui
diarkoum,https://diarkoum.tn/details.php?id_annonce=8122,Appartement,780000,2022-07-29,Nabeul,Hammamet,Hammamet,8050,111,Non,Oui,Neuf,Non précisé,2,2,Oui,Non,Non,Non,Non,Non,2,Non,Non,Non
diarkoum,https://diarkoum.tn/details.php?id_annonce=8097,Appartement,170000,2022-07-18,Ariana,Raoued,Raoued,2080,110,Non,Non,Neuf,Non précisé,3,1,Non,Non,Oui,Non,Oui,Oui,1,Non,Non,Non
diarkoum,https://diarkoum.tn/details.php?id_annonce=8091,Appartement,340000,2022-07-14,Ariana,Ariana Ville,Ariana Ville,2080,130,Non,Non,Neuf,Haut standing,2,1,Oui,Oui,Oui,Non,Oui,Non,5,Oui,Non,Oui
diarkoum,https://diarkoum.tn/details.php?id_annonce=8089,Appartement,175000,2022-07-13,Ariana,Ariana Ville,Ariana Ville,2080,63,Non,Non,Neuf,Haut standing,1,1,Oui,Oui,Oui,Non,Non,Non,6,Oui,Non,Oui
diarkoum,https://diarkoum.tn/details.php?id_annonce=8028,Appartement,450000,2022-06-30,Nabeul,Hammamet,Hammamet,8050,116,Titre Bleu,Non,Neuf,Moyen standing,2,2,Oui,Non,Non,Non,Oui,Non,3,Non,Non,Oui
diarkoum,https://diarkoum.tn/details.php?id_annonce=8031,Appartement,500000,2022-06-20,Nabeul,Hammamet,Hammamet,8050,140,Non,Non,Neuf,Non précisé,3,2,Oui,Non,Oui,Non,Oui,Oui,0,Non,Non,Non
diarkoum,https://diarkoum.tn/details.php?id_annonce=8027,Appartement,450000,2022-06-20,Nabeul,Hammamet,Hammamet,8050,120,Non,Non,Neuf,Moyen standing,3,1,Non,Oui,Non,Non,Oui,Non,,Non,Non,Oui
diarkoum,https://diarkoum.tn/details.php?id_annonce=8022,Appartement,665000,2022-06-20,Nabeul,Hammamet,Hammamet,8050,190,Non,Non,Neuf,Luxe,2,2,Oui,Non,Non,Non,Oui,Non,4,Non,Non,Oui
diarkoum,https://diarkoum.tn/details.php?id_annonce=7958,Appartement,270000,2022-05-25,Nabeul,Kélibia,Kélibia,8000,100,Non,Non,Neuf,Non précisé,2,1,Non,Non,Non,Non,Non,Non,3,Non,Non,Non
diarkoum,https://diarkoum.tn/details.php?id_annonce=7957,Appartement,350000,2022-05-25,Nabeul,Kélibia,Kélibia,8000,125,Non,Non,Neuf,Non précisé,2,1,Non,Non,Non,Non,Non,Non,1,Non,Non,Non
diarkoum,https://diarkoum.tn/details.php?id_annonce=7891,Appartement,590000,2022-04-26,Sousse,Sousse Jawhara,Sousse Jawhara,4000,179,Non,Non,Neuf,Moyen standing,3,2,Oui,Non,Oui,Non,Oui,Non,,Non,Non,Oui
diarkoum,https://diarkoum.tn/details.php?id_annonce=7836,Appartement,260000,2022-04-12,Sousse,Sousse Jawhara,Sousse Jawhara,4000,142,Non,Non,Neuf,Haut standing,2,1,Non,Oui,Non,Non,Oui,Non,5,Oui,Non,Oui
diarkoum,https://diarkoum.tn/details.php?id_annonce=7827,Appartement,500000,2022-04-11,Sousse,Sousse Jawhara,Sousse Jawhara,4000,210,Non,Non,Neuf,Haut standing,2,2,Oui,Non,Oui,Non,Oui,Non,,Non,Non,Oui
diarkoum,https://diarkoum.tn/details.php?id_annonce=7773,Appartement,127000,2022-04-03,Ben Arous,Rades,Rades,2040,92,Non,Non,Neuf,Non précisé,2,1,Non,Non,Non,Non,Non,Non,3,Oui,Non,Non
diarkoum,https://diarkoum.tn/details.php?id_annonce=7696,Appartement,330000,2022-03-25,Tunis,Ain zaghouan,Ain zaghouan,1100,95,Non,Non,Neuf,Haut standing,2,1,Non,Oui,Oui,Non,Oui,Non,4,Non,Non,Oui
diarkoum,https://diarkoum.tn/details.php?id_annonce=7698,Appartement,320000,2022-03-25,Tunis,Ain zaghouan,Ain zaghouan,1100,165,Non,Non,Neuf,Haut standing,2,1,Oui,Oui,Oui,Non,Oui,Non,1,Non,Non,Oui
diarkoum,https://diarkoum.tn/details.php?id_annonce=7710,Appartement,360000,2022-03-25,Tunis,Ain zaghouan,Ain zaghouan,1100,97,Non,Non,Neuf,Haut standing,2,1,Oui,Oui,Oui,Non,Oui,Non,,Non,Non,Oui
diarkoum,https://diarkoum.tn/details.php?id_annonce=7711,Appartement,500000,2022-03-25,Tunis,Carthage,Carthage,2016,140,Non,Non,Neuf,Moyen standing,3,1,Oui,Oui,Oui,Non,Oui,Oui,2,Non,Non,Oui
diarkoum,https://diarkoum.tn/details.php?id_annonce=7663,Appartement,190000,2022-03-18,Sousse,Akouda,Akouda,4022,68,Non,Non,Neuf,Moyen standing,1,1,Non,Non,Non,Non,Oui,Non,,Non,Non,Oui
diarkoum,https://diarkoum.tn/details.php?id_annonce=7519,Appartement,210000,2022-03-02,Sousse,Sousse Médina,Sousse Médina,4000,108,Non,Non,Neuf,Haut standing,2,1,Non,Non,Non,Non,Oui,Non,,Oui,Non,Oui
diarkoum,https://diarkoum.tn/details.php?id_annonce=7518,Appartement,260000,2022-03-02,Sousse,Hammam Sousse,Hammam Sousse,4011,126,Non,Non,Neuf,Haut standing,2,1,Oui,Oui,Non,Non,Oui,Non,,Non,Non,Oui
diarkoum,https://diarkoum.tn/details.php?id_annonce=7504,Appartement,140000,2022-03-01,Sousse,Hergla,Hergla,4000,60,Non,Non,Neuf,Moyen standing,1,1,Oui,Oui,Oui,Non,Non,Non,,Non,Non,Oui
diarkoum,https://diarkoum.tn/details.php?id_annonce=7503,Appartement,275000,2022-03-01,Sousse,Sousse Jawhara,Sousse Jawhara,4000,129,Non,Non,Neuf,Haut standing,3,2,Oui,Non,Non,Non,Oui,Non,0,Non,Non,Oui
diarkoum,https://diarkoum.tn/details.php?id_annonce=7491,Appartement,250000,2022-02-27,Sfax,Sfax Ville,Sfax Ville,3000,180,Non,Non,Neuf,Non précisé,3,2,Non,Oui,Non,Non,Non,Non,1,Non,Non,Non
